Date,Year,Month,DayOfWeek,SportID,SportName,Strain,AvgHeartRate,MaxHeartRate,Duration_Minutes,Calories,StartTime,EndTime
15/09/2025,2025,9,Monday,45,Weightlifting,5.136,85,132,89,169,2025-09-16T00:22:00.398Z,2025-09-16T01:50:49.398Z
15/09/2025,2025,9,Monday,34,Tennis,13.6842,136,175,78,749,2025-09-15T17:36:00.670Z,2025-09-15T18:53:59.200Z
14/09/2025,2025,9,Sunday,45,Weightlifting,12.5989,92,133,65,150,2025-09-14T14:51:44.881Z,2025-09-14T15:57:12.881Z
13/09/2025,2025,9,Saturday,45,Weightlifting,10.1353,114,151,52,273,2025-09-13T14:18:00.190Z,2025-09-13T15:10:29.170Z
12/09/2025,2025,9,Friday,34,Tennis,15.4301,148,174,72,857,2025-09-12T22:04:30.640Z,2025-09-12T23:16:29.040Z
11/09/2025,2025,9,Thursday,45,Weightlifting,13.4899,91,135,55,115,2025-09-11T21:42:44.601Z,2025-09-11T22:38:12.601Z
10/09/2025,2025,9,Wednesday,45,Weightlifting,7.4229,69,107,68,83,2025-09-11T00:54:47.625Z,2025-09-11T02:02:47.625Z
09/09/2025,2025,9,Tuesday,34,Tennis,14.4844,140,168,79,826,2025-09-09T17:15:00.280Z,2025-09-09T18:34:29.900Z
08/09/2025,2025,9,Monday,45,Weightlifting,12.2614,87,128,82,130,2025-09-09T00:13:36.406Z,2025-09-09T01:35:56.406Z
08/09/2025,2025,9,Monday,34,Tennis,11.8595,131,168,56,489,2025-09-08T17:39:00.630Z,2025-09-08T18:35:29.830Z
07/09/2025,2025,9,Sunday,45,Weightlifting,13.4932,90,136,54,99,2025-09-07T17:00:51.450Z,2025-09-07T17:55:19.450Z
05/09/2025,2025,9,Friday,45,Weightlifting,7.4378,73,103,59,73,2025-09-06T00:41:14.578Z,2025-09-06T01:40:25.578Z
04/09/2025,2025,9,Thursday,34,Tennis,15.3528,147,187,69,813,2025-09-04T23:10:30.960Z,2025-09-05T00:19:04.910Z
04/09/2025,2025,9,Thursday,45,Weightlifting,7.7028,79,132,88,129,2025-09-04T21:29:05.560Z,2025-09-04T22:57:29.560Z
03/09/2025,2025,9,Wednesday,45,Weightlifting,7.5993,76,122,49,66,2025-09-03T23:50:19.939Z,2025-09-04T00:39:32.939Z
03/09/2025,2025,9,Wednesday,34,Tennis,12.4534,136,164,58,561,2025-09-04T00:42:00.300Z,2025-09-04T01:40:29.260Z
02/09/2025,2025,9,Tuesday,34,Tennis,11.2999,132,160,54,479,2025-09-02T17:39:00.720Z,2025-09-02T18:32:59.700Z
01/09/2025,2025,9,Monday,45,Weightlifting,12.1067,90,118,30,48,2025-09-02T00:58:32.188Z,2025-09-02T01:28:35.188Z
01/09/2025,2025,9,Monday,34,Tennis,12.2365,125,165,75,582,2025-09-01T17:25:30.100Z,2025-09-01T18:40:29.080Z
31/08/2025,2025,8,Sunday,45,Weightlifting,13.8464,93,157,106,233,2025-08-31T13:51:27.365Z,2025-08-31T15:37:49.365Z
30/08/2025,2025,8,Saturday,45,Weightlifting,10.3836,95,150,97,330,2025-08-30T21:51:06.328Z,2025-08-30T23:27:43.328Z
30/08/2025,2025,8,Saturday,34,Tennis,11.6273,126,166,70,543,2025-08-30T13:07:30.240Z,2025-08-30T14:17:59.210Z
29/08/2025,2025,8,Friday,45,Weightlifting,7.3517,79,112,34,43,2025-08-29T23:53:02.837Z,2025-08-30T00:27:25.837Z
27/08/2025,2025,8,Wednesday,45,Weightlifting,11.9287,78,128,65,89,2025-08-27T21:11:05.904Z,2025-08-27T22:16:10.904Z
26/08/2025,2025,8,Tuesday,45,Weightlifting,13.1861,74,111,120,148,2025-08-26T23:07:00.000Z,2025-08-27T01:07:00.000Z
23/08/2025,2025,8,Saturday,34,Tennis,13.2761,138,171,63,621,2025-08-23T21:33:00.970Z,2025-08-23T22:35:59.940Z
23/08/2025,2025,8,Saturday,100,Unknown,11.0377,134,166,45,413,2025-08-23T19:49:30.910Z,2025-08-23T20:34:29.910Z
22/08/2025,2025,8,Friday,63,Ice Skating,7.6255,111,145,69,324,2025-08-22T15:13:30.270Z,2025-08-22T16:22:29.250Z
21/08/2025,2025,8,Thursday,45,Weightlifting,8.1115,87,130,65,113,2025-08-21T21:17:13.111Z,2025-08-21T22:22:34.111Z
20/08/2025,2025,8,Wednesday,34,Tennis,15.2319,143,170,82,895,2025-08-20T23:57:00.700Z,2025-08-21T01:18:58.861Z
19/08/2025,2025,8,Tuesday,45,Weightlifting,13.5171,89,142,72,136,2025-08-20T00:13:25.917Z,2025-08-20T01:25:30.917Z
19/08/2025,2025,8,Tuesday,34,Tennis,11.8709,129,169,61,512,2025-08-19T17:31:30.700Z,2025-08-19T18:32:59.670Z
18/08/2025,2025,8,Monday,34,Tennis,11.2191,126,169,58,448,2025-08-18T17:36:00.730Z,2025-08-18T18:34:29.180Z
16/08/2025,2025,8,Saturday,45,Weightlifting,13.3801,103,141,94,333,2025-08-16T16:51:57.009Z,2025-08-16T18:26:15.009Z
16/08/2025,2025,8,Saturday,34,Tennis,14.792,143,165,78,864,2025-08-16T14:00:00.160Z,2025-08-16T15:17:59.140Z
15/08/2025,2025,8,Friday,45,Weightlifting,9.3452,92,152,102,256,2025-08-15T23:00:00.000Z,2025-08-16T00:42:00.000Z
13/08/2025,2025,8,Wednesday,45,Weightlifting,9.3805,92,146,85,238,2025-08-14T00:11:46.063Z,2025-08-14T01:36:18.063Z
12/08/2025,2025,8,Tuesday,45,Weightlifting,4.906,86,136,90,155,2025-08-12T22:27:07.411Z,2025-08-12T23:56:53.411Z
12/08/2025,2025,8,Tuesday,34,Tennis,13.1356,142,173,52,572,2025-08-12T17:43:30.580Z,2025-08-12T18:35:59.570Z
11/08/2025,2025,8,Monday,45,Weightlifting,13.3049,82,131,72,105,2025-08-12T00:17:35.561Z,2025-08-12T01:29:51.561Z
11/08/2025,2025,8,Monday,34,Tennis,12.9812,141,173,52,555,2025-08-11T17:39:00.930Z,2025-08-11T18:31:29.940Z
09/08/2025,2025,8,Saturday,34,Tennis,14.9925,147,185,63,746,2025-08-09T14:06:00.040Z,2025-08-09T15:08:59.030Z
08/08/2025,2025,8,Friday,34,Tennis,10.9561,135,164,46,442,2025-08-08T15:24:00.100Z,2025-08-08T16:10:29.090Z
07/08/2025,2025,8,Thursday,34,Tennis,13.3667,142,167,58,633,2025-08-07T23:16:30.760Z,2025-08-08T00:14:59.750Z
06/08/2025,2025,8,Wednesday,45,Weightlifting,13.2926,77,135,54,78,2025-08-06T22:42:07.734Z,2025-08-06T23:36:07.734Z
05/08/2025,2025,8,Tuesday,45,Weightlifting,11.9944,73,110,56,69,2025-08-05T23:31:49.747Z,2025-08-06T00:27:24.747Z
04/08/2025,2025,8,Monday,45,Weightlifting,7.8316,77,126,70,96,2025-08-05T00:24:58.144Z,2025-08-05T01:35:01.144Z
03/08/2025,2025,8,Sunday,52,Hiking/Rucking,9.6752,122,160,61,423,2025-08-04T02:27:00.460Z,2025-08-04T03:28:29.420Z
02/08/2025,2025,8,Saturday,52,Hiking/Rucking,4.2896,96,119,13,37,2025-08-02T18:10:06.002Z,2025-08-02T18:23:16.002Z
02/08/2025,2025,8,Saturday,52,Hiking/Rucking,11.4164,98,153,249,816,2025-08-02T13:10:36.135Z,2025-08-02T17:20:04.000Z
01/08/2025,2025,8,Friday,52,Hiking/Rucking,5.4437,92,133,72,164,2025-08-01T18:39:37.998Z,2025-08-01T19:51:19.000Z
01/08/2025,2025,8,Friday,52,Hiking/Rucking,0,0,0,164,0,2025-08-01T13:15:50.999Z,2025-08-01T15:59:41.999Z
31/07/2025,2025,7,Thursday,45,Weightlifting,13.7291,96,141,64,167,2025-07-31T21:19:42.502Z,2025-07-31T22:23:42.502Z
31/07/2025,2025,7,Thursday,52,Hiking/Rucking,5.1034,116,147,15,87,2025-07-31T17:01:30.850Z,2025-07-31T17:16:29.850Z
31/07/2025,2025,7,Thursday,52,Hiking/Rucking,5.2383,99,135,41,119,2025-07-31T17:32:41.998Z,2025-07-31T18:13:19.001Z
31/07/2025,2025,7,Thursday,52,Hiking/Rucking,7.4635,92,147,163,385,2025-07-31T13:32:56.729Z,2025-07-31T16:15:32.000Z
30/07/2025,2025,7,Wednesday,52,Hiking/Rucking,9.0673,114,174,64,347,2025-07-30T19:13:20.000Z,2025-07-30T20:17:22.000Z
29/07/2025,2025,7,Tuesday,45,Weightlifting,7.7947,78,130,72,113,2025-07-29T23:27:28.060Z,2025-07-30T00:39:21.060Z
29/07/2025,2025,7,Tuesday,34,Tennis,10.4711,124,157,66,488,2025-07-29T17:57:00.800Z,2025-07-29T19:02:53.750Z
28/07/2025,2025,7,Monday,45,Weightlifting,9.3468,97,137,82,227,2025-07-28T20:47:39.703Z,2025-07-28T22:09:19.703Z
28/07/2025,2025,7,Monday,34,Tennis,12.5677,132,175,67,597,2025-07-28T14:25:30.720Z,2025-07-28T15:32:05.390Z
27/07/2025,2025,7,Sunday,249,Unknown,13.5537,138,163,70,708,2025-07-27T20:22:30.360Z,2025-07-27T21:32:16.310Z
27/07/2025,2025,7,Sunday,34,Tennis,10.9475,122,156,78,544,2025-07-27T13:18:00.360Z,2025-07-27T14:35:59.310Z
26/07/2025,2025,7,Saturday,34,Tennis,17.1434,142,188,108,1170,2025-07-26T21:27:00.000Z,2025-07-26T23:14:59.920Z
26/07/2025,2025,7,Saturday,45,Weightlifting,13.7535,100,135,57,173,2025-07-26T14:37:28.392Z,2025-07-26T15:34:06.392Z
25/07/2025,2025,7,Friday,45,Weightlifting,14.8379,82,123,58,97,2025-07-25T21:48:20.289Z,2025-07-25T22:46:29.289Z
24/07/2025,2025,7,Thursday,45,Weightlifting,8.3732,87,137,105,175,2025-07-24T22:58:51.183Z,2025-07-25T00:43:26.183Z
23/07/2025,2025,7,Wednesday,45,Weightlifting,9.0767,88,154,76,184,2025-07-23T20:56:02.497Z,2025-07-23T22:11:40.497Z
23/07/2025,2025,7,Wednesday,34,Tennis,12.9422,138,168,55,563,2025-07-23T15:07:30.710Z,2025-07-23T16:02:59.690Z
22/07/2025,2025,7,Tuesday,45,Weightlifting,4.2859,82,123,75,100,2025-07-22T23:30:58.504Z,2025-07-23T00:45:55.504Z
20/07/2025,2025,7,Sunday,45,Weightlifting,14.1879,100,142,78,262,2025-07-20T21:49:14.315Z,2025-07-20T23:06:51.315Z
19/07/2025,2025,7,Saturday,63,Ice Skating,10.6306,139,172,36,368,2025-07-19T21:54:00.880Z,2025-07-19T22:29:59.900Z
19/07/2025,2025,7,Saturday,52,Hiking/Rucking,12.4576,124,181,84,600,2025-07-19T18:15:59.001Z,2025-07-19T19:39:54.000Z
19/07/2025,2025,7,Saturday,34,Tennis,15.3872,140,172,92,966,2025-07-19T13:48:00.910Z,2025-07-19T15:20:10.850Z
18/07/2025,2025,7,Friday,34,Tennis,11.2398,119,166,75,497,2025-07-18T22:15:00.870Z,2025-07-18T23:30:29.000Z
17/07/2025,2025,7,Thursday,42,Dance,5.5605,121,147,18,120,2025-07-18T01:46:30.910Z,2025-07-18T02:04:27.900Z
17/07/2025,2025,7,Thursday,34,Tennis,13.6331,133,169,81,739,2025-07-17T23:12:00.950Z,2025-07-18T00:32:59.900Z
17/07/2025,2025,7,Thursday,45,Weightlifting,8.1939,98,137,36,91,2025-07-17T22:23:17.870Z,2025-07-17T22:59:30.870Z
16/07/2025,2025,7,Wednesday,249,Unknown,17.1064,143,171,122,1328,2025-07-17T01:03:00.870Z,2025-07-17T03:05:00.342Z
16/07/2025,2025,7,Wednesday,45,Weightlifting,8.7093,95,130,75,161,2025-07-16T21:55:22.996Z,2025-07-16T23:10:38.996Z
16/07/2025,2025,7,Wednesday,34,Tennis,13.3016,139,166,60,615,2025-07-16T15:01:30.170Z,2025-07-16T16:01:29.160Z
15/07/2025,2025,7,Tuesday,45,Weightlifting,12.4573,92,132,87,174,2025-07-15T21:57:05.848Z,2025-07-15T23:23:47.848Z
15/07/2025,2025,7,Tuesday,34,Tennis,12.7482,143,183,43,482,2025-07-15T17:51:00.840Z,2025-07-15T18:34:29.820Z
14/07/2025,2025,7,Monday,45,Weightlifting,13.7828,101,154,56,184,2025-07-14T21:55:00.858Z,2025-07-14T22:51:17.858Z
14/07/2025,2025,7,Monday,-1,Unknown,10.8241,131,166,49,419,2025-07-14T17:43:30.130Z,2025-07-14T18:32:22.140Z
13/07/2025,2025,7,Sunday,34,Tennis,10.833,125,164,66,493,2025-07-13T13:03:00.430Z,2025-07-13T14:08:59.530Z
12/07/2025,2025,7,Saturday,249,Unknown,13.3741,131,165,83,713,2025-07-12T18:40:30.050Z,2025-07-12T20:03:08.330Z
12/07/2025,2025,7,Saturday,34,Tennis,8.7342,123,158,48,333,2025-07-12T17:04:30.040Z,2025-07-12T17:52:33.080Z
10/07/2025,2025,7,Thursday,45,Weightlifting,8.4184,87,139,82,166,2025-07-10T21:00:18.057Z,2025-07-10T22:22:31.057Z
09/07/2025,2025,7,Wednesday,45,Weightlifting,7.6724,85,124,65,101,2025-07-09T21:26:51.840Z,2025-07-09T22:31:38.840Z
08/07/2025,2025,7,Tuesday,45,Weightlifting,12.9693,97,152,92,296,2025-07-09T00:39:35.116Z,2025-07-09T02:11:36.116Z
07/07/2025,2025,7,Monday,34,Tennis,14.3804,140,173,72,750,2025-07-07T23:07:30.340Z,2025-07-08T00:19:49.340Z
07/07/2025,2025,7,Monday,45,Weightlifting,13.0303,89,134,72,149,2025-07-07T21:51:19.012Z,2025-07-07T23:03:47.012Z
06/07/2025,2025,7,Sunday,106,Unknown,13.6644,142,168,58,639,2025-07-06T15:43:30.000Z,2025-07-06T16:41:59.000Z
05/07/2025,2025,7,Saturday,45,Weightlifting,9.115,106,149,54,222,2025-07-05T21:43:27.122Z,2025-07-05T22:37:26.122Z
01/07/2025,2025,7,Tuesday,34,Tennis,13.7639,138,172,70,714,2025-07-01T23:06:00.940Z,2025-07-02T00:16:06.529Z
01/07/2025,2025,7,Tuesday,45,Weightlifting,7.5467,86,151,53,103,2025-07-01T22:11:07.062Z,2025-07-01T23:03:40.062Z
01/07/2025,2025,7,Tuesday,63,Ice Skating,8.4991,121,157,43,305,2025-07-01T18:36:00.890Z,2025-07-01T19:19:29.930Z
30/06/2025,2025,6,Monday,0,Activity,4.5503,80,150,33,70,2025-06-30T23:28:06.891Z,2025-07-01T00:01:09.458Z
30/06/2025,2025,6,Monday,45,Weightlifting,11.9566,89,130,72,137,2025-06-30T21:24:39.569Z,2025-06-30T22:36:27.569Z
29/06/2025,2025,6,Sunday,45,Weightlifting,12.8524,86,123,56,93,2025-06-29T15:51:05.252Z,2025-06-29T16:47:07.252Z
28/06/2025,2025,6,Saturday,249,Unknown,16.5927,141,170,111,1185,2025-06-28T19:22:30.780Z,2025-06-28T21:13:17.720Z
28/06/2025,2025,6,Saturday,45,Weightlifting,8.7499,95,156,53,184,2025-06-28T14:50:18.013Z,2025-06-28T15:43:36.013Z
25/06/2025,2025,6,Wednesday,45,Weightlifting,7.224,83,130,68,95,2025-06-25T23:20:54.579Z,2025-06-26T00:28:34.579Z
25/06/2025,2025,6,Wednesday,34,Tennis,15.413,146,170,72,832,2025-06-25T21:39:00.000Z,2025-06-25T22:50:59.000Z
25/06/2025,2025,6,Wednesday,34,Tennis,10.6719,126,164,54,424,2025-06-25T15:09:00.000Z,2025-06-25T16:02:59.000Z
24/06/2025,2025,6,Tuesday,45,Weightlifting,11.9572,95,129,59,132,2025-06-24T22:07:26.195Z,2025-06-24T23:06:08.195Z
24/06/2025,2025,6,Tuesday,34,Tennis,13.0138,139,168,57,590,2025-06-24T17:34:30.000Z,2025-06-24T18:31:29.000Z
23/06/2025,2025,6,Monday,45,Weightlifting,13.4429,101,146,68,243,2025-06-23T22:48:04.428Z,2025-06-23T23:56:02.428Z
22/06/2025,2025,6,Sunday,52,Hiking/Rucking,6.8398,134,165,16,154,2025-06-22T16:52:30.210Z,2025-06-22T17:08:59.200Z
21/06/2025,2025,6,Saturday,52,Hiking/Rucking,12.5654,125,163,100,743,2025-06-21T19:28:03.433Z,2025-06-21T21:07:40.999Z
21/06/2025,2025,6,Saturday,52,Hiking/Rucking,10.8577,132,160,54,479,2025-06-21T17:58:30.070Z,2025-06-21T18:52:29.060Z
20/06/2025,2025,6,Friday,34,Tennis,14.1653,143,173,63,702,2025-06-20T21:33:00.000Z,2025-06-20T22:35:59.000Z
20/06/2025,2025,6,Friday,53,Horseback Riding,8.503,125,162,40,304,2025-06-20T19:54:00.160Z,2025-06-20T20:34:29.140Z
19/06/2025,2025,6,Thursday,34,Tennis,16.9898,128,186,178,1485,2025-06-19T17:48:00.000Z,2025-06-19T20:46:29.000Z
18/06/2025,2025,6,Wednesday,34,Tennis,17.0386,143,168,121,1343,2025-06-18T23:18:00.000Z,2025-06-19T01:19:29.000Z
18/06/2025,2025,6,Wednesday,34,Tennis,11.2668,119,160,90,585,2025-06-18T14:28:30.000Z,2025-06-18T15:58:29.000Z
17/06/2025,2025,6,Tuesday,275,Unknown,9.2986,125,159,49,374,2025-06-17T19:55:30.210Z,2025-06-17T20:44:59.200Z
16/06/2025,2025,6,Monday,45,Weightlifting,14.072,116,143,67,392,2025-06-16T21:42:36.230Z,2025-06-16T22:49:24.230Z
15/06/2025,2025,6,Sunday,45,Weightlifting,11.3145,74,116,51,64,2025-06-15T21:36:59.825Z,2025-06-15T22:27:33.825Z
15/06/2025,2025,6,Sunday,34,Tennis,9.4113,125,150,55,411,2025-06-15T20:03:00.000Z,2025-06-15T20:58:29.000Z
15/06/2025,2025,6,Sunday,53,Horseback Riding,11.2699,132,165,56,495,2025-06-15T15:00:44.999Z,2025-06-15T15:57:01.000Z
14/06/2025,2025,6,Saturday,45,Weightlifting,11.8067,126,161,53,402,2025-06-14T21:52:52.107Z,2025-06-14T22:45:33.107Z
14/06/2025,2025,6,Saturday,63,Ice Skating,13.5765,129,167,93,790,2025-06-14T17:06:00.060Z,2025-06-14T18:38:59.000Z
12/06/2025,2025,6,Thursday,34,Tennis,13.145,139,169,61,621,2025-06-12T16:42:00.000Z,2025-06-12T17:43:29.000Z
11/06/2025,2025,6,Wednesday,45,Weightlifting,6.9889,76,125,79,104,2025-06-12T00:36:03.704Z,2025-06-12T01:54:47.704Z
10/06/2025,2025,6,Tuesday,249,Unknown,15.0108,135,169,111,1048,2025-06-10T23:12:00.910Z,2025-06-11T01:02:59.850Z
10/06/2025,2025,6,Tuesday,34,Tennis,13.094,136,166,66,634,2025-06-10T17:31:30.000Z,2025-06-10T18:37:29.000Z
09/06/2025,2025,6,Monday,45,Weightlifting,12.7008,85,132,89,137,2025-06-09T22:16:20.850Z,2025-06-09T23:44:56.850Z
05/06/2025,2025,6,Thursday,34,Tennis,6.9963,104,144,60,246,2025-06-06T00:00:00.000Z,2025-06-06T01:00:00.000Z
05/06/2025,2025,6,Thursday,45,Weightlifting,11.1075,73,113,92,112,2025-06-05T20:57:47.195Z,2025-06-05T22:29:32.195Z
04/06/2025,2025,6,Wednesday,45,Weightlifting,12.4348,78,110,85,108,2025-06-04T21:11:33.398Z,2025-06-04T22:36:45.398Z
03/06/2025,2025,6,Tuesday,45,Weightlifting,7.3695,79,130,129,203,2025-06-03T20:36:16.038Z,2025-06-03T22:45:18.038Z
02/06/2025,2025,6,Monday,34,Tennis,13.715,146,174,54,620,2025-06-03T00:24:00.000Z,2025-06-03T01:17:59.000Z
02/06/2025,2025,6,Monday,45,Weightlifting,6.9353,81,126,86,119,2025-06-02T21:07:25.714Z,2025-06-02T22:33:06.714Z
31/05/2025,2025,5,Saturday,0,Activity,5.1146,126,166,6,43,2025-06-01T01:56:52.034Z,2025-06-01T02:02:24.593Z
31/05/2025,2025,5,Saturday,45,Weightlifting,12.2371,88,129,74,117,2025-05-31T16:30:39.000Z,2025-05-31T17:44:31.462Z
30/05/2025,2025,5,Friday,45,Weightlifting,6.7024,91,135,40,80,2025-05-30T20:32:41.409Z,2025-05-30T21:12:18.409Z
30/05/2025,2025,5,Friday,34,Tennis,13.6516,129,156,105,867,2025-05-30T15:49:30.930Z,2025-05-30T17:34:01.890Z
30/05/2025,2025,5,Friday,34,Tennis,11.8744,137,174,45,448,2025-05-30T12:21:00.850Z,2025-05-30T13:05:59.830Z
29/05/2025,2025,5,Thursday,34,Tennis,15.9555,139,166,115,1181,2025-05-29T23:03:00.640Z,2025-05-30T00:58:14.150Z
29/05/2025,2025,5,Thursday,45,Weightlifting,11.231,96,127,92,203,2025-05-29T20:20:39.557Z,2025-05-29T21:52:43.557Z
28/05/2025,2025,5,Wednesday,45,Weightlifting,12.7714,97,119,27,62,2025-05-29T01:40:00.136Z,2025-05-29T02:06:52.136Z
28/05/2025,2025,5,Wednesday,0,Activity,8.1611,146,185,12,139,2025-05-29T01:27:00.000Z,2025-05-29T01:39:00.000Z
28/05/2025,2025,5,Wednesday,106,Unknown,14.2262,132,161,105,945,2025-05-28T23:15:00.870Z,2025-05-29T00:59:59.840Z
27/05/2025,2025,5,Tuesday,45,Weightlifting,10.9216,88,129,82,128,2025-05-27T22:17:52.198Z,2025-05-27T23:39:35.198Z
27/05/2025,2025,5,Tuesday,34,Tennis,11.6288,128,178,63,517,2025-05-27T17:36:00.480Z,2025-05-27T18:39:09.710Z
26/05/2025,2025,5,Monday,45,Weightlifting,12.3141,113,156,129,713,2025-05-26T21:12:00.450Z,2025-05-26T23:21:29.000Z
26/05/2025,2025,5,Monday,34,Tennis,13.9158,136,172,76,738,2025-05-26T17:15:00.500Z,2025-05-26T18:31:13.450Z
25/05/2025,2025,5,Sunday,34,Tennis,10.5286,128,161,51,422,2025-05-25T14:15:00.600Z,2025-05-25T15:05:59.590Z
24/05/2025,2025,5,Saturday,34,Tennis,15.3603,135,169,100,961,2025-05-24T23:25:30.140Z,2025-05-25T01:05:59.100Z
23/05/2025,2025,5,Friday,45,Weightlifting,0,0,0,32,0,2025-05-23T12:39:00.906Z,2025-05-23T13:11:00.805Z
22/05/2025,2025,5,Thursday,-1,Unknown,8.6075,125,164,34,272,2025-05-23T00:00:00.924Z,2025-05-23T00:34:29.500Z
22/05/2025,2025,5,Thursday,45,Weightlifting,7.2365,97,150,113,314,2025-05-22T21:32:06.936Z,2025-05-22T23:25:31.936Z
21/05/2025,2025,5,Wednesday,34,Tennis,9.5458,128,172,35,296,2025-05-21T23:39:00.173Z,2025-05-22T00:13:33.708Z
21/05/2025,2025,5,Wednesday,45,Weightlifting,10.001,88,148,117,236,2025-05-21T20:37:57.722Z,2025-05-21T22:35:09.722Z
20/05/2025,2025,5,Tuesday,34,Tennis,19.3943,135,179,181,1782,2025-05-20T22:09:00.325Z,2025-05-21T01:10:18.000Z
19/05/2025,2025,5,Monday,45,Weightlifting,11.8681,72,130,88,121,2025-05-19T23:42:21.069Z,2025-05-20T01:10:42.069Z
18/05/2025,2025,5,Sunday,34,Tennis,14.2301,127,171,154,1060,2025-05-18T20:28:30.620Z,2025-05-18T23:02:59.000Z
17/05/2025,2025,5,Saturday,249,Unknown,14.6189,136,167,91,875,2025-05-17T15:25:30.675Z,2025-05-17T16:56:59.143Z
17/05/2025,2025,5,Saturday,42,Dance,9.8579,116,165,75,449,2025-05-17T05:30:00.747Z,2025-05-17T06:44:59.642Z
15/05/2025,2025,5,Thursday,45,Weightlifting,8.512,86,130,106,198,2025-05-15T20:57:32.836Z,2025-05-15T22:43:30.836Z
14/05/2025,2025,5,Wednesday,45,Weightlifting,14.9899,84,119,37,59,2025-05-14T21:56:18.660Z,2025-05-14T22:33:08.660Z
13/05/2025,2025,5,Tuesday,45,Weightlifting,7.032,82,132,89,144,2025-05-13T23:58:38.281Z,2025-05-14T01:27:33.281Z
12/05/2025,2025,5,Monday,45,Weightlifting,6.7333,78,125,78,107,2025-05-12T20:54:40.612Z,2025-05-12T22:13:06.612Z
11/05/2025,2025,5,Sunday,42,Dance,11.2338,126,176,55,442,2025-05-11T04:46:30.083Z,2025-05-11T05:41:59.971Z
10/05/2025,2025,5,Saturday,34,Tennis,12.7333,131,190,70,628,2025-05-10T13:04:30.556Z,2025-05-10T14:14:59.264Z
09/05/2025,2025,5,Friday,45,Weightlifting,10.9627,80,120,23,34,2025-05-09T20:44:22.656Z,2025-05-09T21:07:42.656Z
09/05/2025,2025,5,Friday,34,Tennis,12.6834,129,167,70,602,2025-05-09T13:55:30.254Z,2025-05-09T15:05:59.966Z
09/05/2025,2025,5,Friday,34,Tennis,12.8916,132,170,69,625,2025-05-09T11:52:30.584Z,2025-05-09T13:01:29.739Z
08/05/2025,2025,5,Thursday,45,Weightlifting,12.8117,96,139,71,191,2025-05-08T22:29:35.243Z,2025-05-08T23:40:42.243Z
08/05/2025,2025,5,Thursday,34,Tennis,12.9944,132,167,66,593,2025-05-08T14:10:30.543Z,2025-05-08T15:16:29.153Z
06/05/2025,2025,5,Tuesday,63,Ice Skating,4.8579,108,138,16,74,2025-05-06T16:01:30.761Z,2025-05-06T16:17:59.944Z
05/05/2025,2025,5,Monday,63,Ice Skating,6.5232,112,152,39,205,2025-05-05T22:13:30.604Z,2025-05-05T22:52:29.839Z
05/05/2025,2025,5,Monday,63,Ice Skating,7.3626,104,172,54,232,2025-05-05T16:22:30.004Z,2025-05-05T17:16:29.990Z
05/05/2025,2025,5,Monday,63,Ice Skating,4.8184,107,130,18,75,2025-05-05T14:10:30.017Z,2025-05-05T14:28:29.547Z
03/05/2025,2025,5,Saturday,52,Hiking/Rucking,5.7538,121,171,15,104,2025-05-03T17:16:30.413Z,2025-05-03T17:31:29.233Z
02/05/2025,2025,5,Friday,52,Hiking/Rucking,4.1448,79,118,73,96,2025-05-03T01:30:30.002Z,2025-05-03T02:43:34.000Z
02/05/2025,2025,5,Friday,63,Ice Skating,5.1298,106,167,15,65,2025-05-02T13:18:00.452Z,2025-05-02T13:32:59.273Z
01/05/2025,2025,5,Thursday,53,Horseback Riding,9.2587,102,171,112,440,2025-05-01T15:29:21.192Z,2025-05-01T17:21:28.000Z
30/04/2025,2025,4,Wednesday,52,Hiking/Rucking,15.2929,98,168,473,1653,2025-04-30T14:02:49.284Z,2025-04-30T21:56:18.999Z
29/04/2025,2025,4,Tuesday,52,Hiking/Rucking,5.3812,106,162,18,93,2025-04-29T22:51:40.648Z,2025-04-29T23:09:38.000Z
29/04/2025,2025,4,Tuesday,52,Hiking/Rucking,12.3817,131,169,52,479,2025-04-29T23:24:00.540Z,2025-04-30T00:16:29.775Z
29/04/2025,2025,4,Tuesday,63,Ice Skating,5.2406,105,139,27,111,2025-04-29T10:21:00.364Z,2025-04-29T10:47:59.201Z
28/04/2025,2025,4,Monday,45,Weightlifting,4.8345,94,134,42,91,2025-04-28T19:43:08.551Z,2025-04-28T20:24:59.551Z
28/04/2025,2025,4,Monday,34,Tennis,13.8945,136,176,67,662,2025-04-28T15:33:00.468Z,2025-04-28T16:40:29.995Z
26/04/2025,2025,4,Saturday,63,Ice Skating,6.9144,102,147,67,273,2025-04-26T20:48:30.491Z,2025-04-26T21:55:54.355Z
24/04/2025,2025,4,Thursday,45,Weightlifting,6.8866,99,161,83,263,2025-04-24T21:44:30.888Z,2025-04-24T23:07:20.888Z
24/04/2025,2025,4,Thursday,34,Tennis,12.9151,135,167,61,596,2025-04-24T14:16:30.770Z,2025-04-24T15:17:59.245Z
23/04/2025,2025,4,Wednesday,45,Weightlifting,4.5571,86,128,79,119,2025-04-23T22:22:47.378Z,2025-04-23T23:42:04.378Z
23/04/2025,2025,4,Wednesday,34,Tennis,13.5775,136,170,70,678,2025-04-23T19:09:00.104Z,2025-04-23T20:19:29.138Z
22/04/2025,2025,4,Tuesday,45,Weightlifting,5.5913,89,153,108,212,2025-04-22T23:37:08.000Z,2025-04-23T01:25:11.044Z
22/04/2025,2025,4,Tuesday,34,Tennis,13.4072,137,168,61,617,2025-04-22T17:31:30.049Z,2025-04-22T18:32:59.477Z
20/04/2025,2025,4,Sunday,-1,Unknown,9.2165,132,171,33,299,2025-04-21T01:33:00.445Z,2025-04-21T02:05:59.758Z
20/04/2025,2025,4,Sunday,-1,Unknown,11.9909,144,180,28,325,2025-04-21T00:31:30.037Z,2025-04-21T00:59:59.208Z
20/04/2025,2025,4,Sunday,34,Tennis,10.4753,140,167,32,342,2025-04-20T22:24:00.157Z,2025-04-20T22:56:04.676Z
20/04/2025,2025,4,Sunday,30,Soccer,12.9324,133,173,67,605,2025-04-20T21:03:00.634Z,2025-04-20T22:10:29.778Z
20/04/2025,2025,4,Sunday,45,Weightlifting,3.2055,76,103,36,44,2025-04-20T20:17:45.348Z,2025-04-20T20:53:24.348Z
19/04/2025,2025,4,Saturday,34,Tennis,16.3568,137,170,112,1143,2025-04-19T21:36:00.245Z,2025-04-19T23:28:29.570Z
19/04/2025,2025,4,Saturday,34,Tennis,15.5518,144,177,73,840,2025-04-19T20:09:00.360Z,2025-04-19T21:22:29.866Z
19/04/2025,2025,4,Saturday,52,Hiking/Rucking,5.7553,103,148,41,152,2025-04-19T14:57:13.070Z,2025-04-19T15:38:23.000Z
18/04/2025,2025,4,Friday,34,Tennis,13.7961,132,166,79,739,2025-04-18T21:55:30.563Z,2025-04-18T23:14:59.547Z
18/04/2025,2025,4,Friday,34,Tennis,8.4135,131,163,30,266,2025-04-18T21:09:00.928Z,2025-04-18T21:38:59.471Z
18/04/2025,2025,4,Friday,34,Tennis,12.7807,122,159,96,691,2025-04-18T18:13:30.850Z,2025-04-18T19:49:29.039Z
17/04/2025,2025,4,Thursday,34,Tennis,16.4905,139,175,110,1143,2025-04-17T23:43:30.409Z,2025-04-18T01:33:00.876Z
17/04/2025,2025,4,Thursday,45,Weightlifting,0,0,0,125,0,2025-04-17T21:20:30.000Z,2025-04-17T23:25:50.089Z
16/04/2025,2025,4,Wednesday,45,Weightlifting,6.8392,100,156,80,263,2025-04-16T20:58:55.159Z,2025-04-16T22:18:49.159Z
15/04/2025,2025,4,Tuesday,45,Weightlifting,6.8573,96,148,92,283,2025-04-15T20:32:57.454Z,2025-04-15T22:05:04.454Z
14/04/2025,2025,4,Monday,45,Weightlifting,4.3703,75,133,86,125,2025-04-14T20:57:22.229Z,2025-04-14T22:22:53.229Z
12/04/2025,2025,4,Saturday,34,Tennis,16.4407,146,173,88,1037,2025-04-12T21:18:00.173Z,2025-04-12T22:46:26.928Z
11/04/2025,2025,4,Friday,45,Weightlifting,4.6598,86,124,48,91,2025-04-11T20:59:50.683Z,2025-04-11T21:47:53.683Z
10/04/2025,2025,4,Thursday,45,Weightlifting,6.1637,92,147,91,223,2025-04-10T22:23:20.495Z,2025-04-10T23:53:51.495Z
08/04/2025,2025,4,Tuesday,34,Tennis,13.9122,141,174,61,654,2025-04-08T17:34:30.246Z,2025-04-08T18:35:59.627Z
07/04/2025,2025,4,Monday,45,Weightlifting,8.5277,103,164,89,344,2025-04-07T23:08:43.801Z,2025-04-08T00:38:11.801Z
07/04/2025,2025,4,Monday,34,Tennis,14.2316,130,178,85,737,2025-04-07T17:19:30.593Z,2025-04-07T18:44:59.913Z
06/04/2025,2025,4,Sunday,45,Weightlifting,8.2188,104,157,100,378,2025-04-06T14:40:30.173Z,2025-04-06T16:20:59.000Z
05/04/2025,2025,4,Saturday,45,Weightlifting,4.6025,82,130,93,146,2025-04-05T17:02:49.694Z,2025-04-05T18:36:06.694Z
04/04/2025,2025,4,Friday,34,Tennis,12.8217,134,166,69,641,2025-04-04T14:00:00.591Z,2025-04-04T15:08:59.883Z
03/04/2025,2025,4,Thursday,45,Weightlifting,5.1614,89,143,79,158,2025-04-03T21:27:18.894Z,2025-04-03T22:46:34.894Z
02/04/2025,2025,4,Wednesday,45,Weightlifting,6.5834,96,151,84,251,2025-04-02T21:26:48.511Z,2025-04-02T22:50:29.511Z
01/04/2025,2025,4,Tuesday,45,Weightlifting,6.5086,102,147,64,220,2025-04-01T21:48:10.094Z,2025-04-01T22:52:13.094Z
01/04/2025,2025,4,Tuesday,34,Tennis,13.854,131,171,79,706,2025-04-01T17:21:00.499Z,2025-04-01T18:39:45.102Z
31/03/2025,2025,3,Monday,45,Weightlifting,7.0146,96,157,104,280,2025-03-31T22:01:04.000Z,2025-03-31T23:44:40.637Z
31/03/2025,2025,3,Monday,34,Tennis,13.1761,137,173,61,597,2025-03-31T17:31:30.309Z,2025-03-31T18:32:59.802Z
30/03/2025,2025,3,Sunday,34,Tennis,17.0981,142,173,120,1270,2025-03-30T19:51:00.908Z,2025-03-30T21:50:59.795Z
30/03/2025,2025,3,Sunday,45,Weightlifting,5.2051,92,146,70,146,2025-03-30T16:38:21.220Z,2025-03-30T17:48:44.220Z
26/03/2025,2025,3,Wednesday,34,Tennis,15.1088,142,176,84,908,2025-03-27T00:09:00.908Z,2025-03-27T01:32:59.065Z
26/03/2025,2025,3,Wednesday,45,Weightlifting,4.3014,78,134,94,130,2025-03-26T21:10:23.056Z,2025-03-26T22:44:27.056Z
25/03/2025,2025,3,Tuesday,34,Tennis,13.9194,132,171,84,757,2025-03-25T23:43:30.842Z,2025-03-26T01:07:29.042Z
24/03/2025,2025,3,Monday,34,Tennis,14.2147,139,170,76,779,2025-03-25T00:19:30.917Z,2025-03-25T01:35:59.227Z
24/03/2025,2025,3,Monday,45,Weightlifting,4.6503,85,168,83,133,2025-03-24T22:25:04.151Z,2025-03-24T23:48:10.151Z
23/03/2025,2025,3,Sunday,34,Tennis,11.4169,123,166,69,492,2025-03-23T14:12:00.246Z,2025-03-23T15:20:59.612Z
22/03/2025,2025,3,Saturday,45,Weightlifting,4.9247,87,141,85,153,2025-03-22T17:11:23.944Z,2025-03-22T18:35:59.944Z
21/03/2025,2025,3,Friday,45,Weightlifting,7.5266,112,152,52,276,2025-03-21T20:42:41.215Z,2025-03-21T21:35:06.215Z
21/03/2025,2025,3,Friday,34,Tennis,11.863,130,173,63,526,2025-03-21T13:03:00.859Z,2025-03-21T14:05:59.713Z
20/03/2025,2025,3,Thursday,45,Weightlifting,4.9055,96,134,46,99,2025-03-20T20:28:41.794Z,2025-03-20T21:14:51.794Z
19/03/2025,2025,3,Wednesday,45,Weightlifting,6.5782,100,156,82,241,2025-03-19T21:17:05.589Z,2025-03-19T22:39:32.589Z
18/03/2025,2025,3,Tuesday,45,Weightlifting,4.4488,85,127,60,95,2025-03-18T21:15:17.867Z,2025-03-18T22:15:33.867Z
18/03/2025,2025,3,Tuesday,34,Tennis,10.4156,139,176,34,349,2025-03-18T13:31:30.068Z,2025-03-18T14:05:59.769Z
17/03/2025,2025,3,Monday,45,Weightlifting,5.9843,97,150,76,198,2025-03-17T21:11:15.201Z,2025-03-17T22:27:22.201Z
16/03/2025,2025,3,Sunday,63,Ice Skating,6.4073,119,165,27,172,2025-03-16T21:13:41.067Z,2025-03-16T21:40:36.046Z
16/03/2025,2025,3,Sunday,45,Weightlifting,5.0965,90,148,94,163,2025-03-16T17:26:04.808Z,2025-03-16T18:59:44.808Z
16/03/2025,2025,3,Sunday,34,Tennis,9.3937,126,162,51,386,2025-03-16T13:13:30.082Z,2025-03-16T14:04:29.859Z
15/03/2025,2025,3,Saturday,45,Weightlifting,5.3023,91,143,74,167,2025-03-15T15:10:03.794Z,2025-03-15T16:23:48.794Z
13/03/2025,2025,3,Thursday,34,Tennis,16.6425,141,169,112,1192,2025-03-14T00:24:00.847Z,2025-03-14T02:16:29.179Z
13/03/2025,2025,3,Thursday,45,Weightlifting,7.1957,120,158,34,225,2025-03-13T20:27:00.320Z,2025-03-13T21:01:29.995Z
12/03/2025,2025,3,Wednesday,45,Weightlifting,4.1249,83,117,36,50,2025-03-12T21:40:26.250Z,2025-03-12T22:16:40.250Z
11/03/2025,2025,3,Tuesday,34,Tennis,15.5273,133,171,120,1091,2025-03-11T23:13:30.320Z,2025-03-12T01:13:23.745Z
11/03/2025,2025,3,Tuesday,45,Weightlifting,5.771,101,149,42,155,2025-03-11T21:52:22.607Z,2025-03-11T22:34:11.607Z
10/03/2025,2025,3,Monday,34,Tennis,13.5414,145,165,54,618,2025-03-11T00:19:30.013Z,2025-03-11T01:13:38.249Z
10/03/2025,2025,3,Monday,45,Weightlifting,4.0127,94,122,5,11,2025-03-10T22:25:46.380Z,2025-03-10T22:30:51.380Z
09/03/2025,2025,3,Sunday,45,Weightlifting,0,0,0,36,0,2025-03-09T15:31:04.019Z,2025-03-09T16:06:42.019Z
06/03/2025,2025,3,Thursday,45,Weightlifting,6.8218,107,153,55,229,2025-03-06T23:35:30.775Z,2025-03-07T00:30:15.775Z
04/03/2025,2025,3,Tuesday,45,Weightlifting,6.6231,100,150,69,232,2025-03-04T17:04:30.840Z,2025-03-04T18:13:29.202Z
27/02/2025,2025,2,Thursday,45,Weightlifting,8.6181,121,184,40,294,2025-02-27T22:31:30.116Z,2025-02-27T23:11:59.304Z
26/02/2025,2025,2,Wednesday,45,Weightlifting,4.8258,95,145,30,87,2025-02-26T21:50:34.502Z,2025-02-26T22:20:39.502Z
26/02/2025,2025,2,Wednesday,34,Tennis,13.1551,139,172,57,579,2025-02-26T13:07:30.580Z,2025-02-26T14:04:29.682Z
25/02/2025,2025,2,Tuesday,45,Weightlifting,5.2666,91,141,61,142,2025-02-26T00:53:33.630Z,2025-02-26T01:54:14.630Z
25/02/2025,2025,2,Tuesday,34,Tennis,13.2089,141,171,54,578,2025-02-25T17:40:30.860Z,2025-02-25T18:34:29.454Z
24/02/2025,2025,2,Monday,45,Weightlifting,6.4542,97,152,91,246,2025-02-24T23:02:17.369Z,2025-02-25T00:33:16.369Z
24/02/2025,2025,2,Monday,34,Tennis,13.8026,142,174,57,619,2025-02-24T15:37:30.810Z,2025-02-24T16:34:29.178Z
23/02/2025,2025,2,Sunday,45,Weightlifting,5.5938,89,139,117,227,2025-02-23T20:08:58.981Z,2025-02-23T22:05:30.981Z
22/02/2025,2025,2,Saturday,34,Tennis,12.1402,128,166,75,616,2025-02-22T18:54:00.582Z,2025-02-22T20:08:59.445Z
21/02/2025,2025,2,Friday,45,Weightlifting,4.1578,86,124,24,38,2025-02-21T21:15:41.512Z,2025-02-21T21:39:46.512Z
21/02/2025,2025,2,Friday,34,Tennis,15.1094,139,173,84,878,2025-02-21T10:36:00.245Z,2025-02-21T11:59:59.211Z
20/02/2025,2025,2,Thursday,45,Weightlifting,6.0642,95,145,73,214,2025-02-20T20:28:29.626Z,2025-02-20T21:41:02.626Z
20/02/2025,2025,2,Thursday,34,Tennis,12.5968,131,172,61,547,2025-02-20T14:12:00.243Z,2025-02-20T15:13:29.732Z
19/02/2025,2025,2,Wednesday,45,Weightlifting,6.8155,95,153,104,283,2025-02-19T22:08:58.382Z,2025-02-19T23:52:32.382Z
18/02/2025,2025,2,Tuesday,45,Weightlifting,8.1523,104,159,95,352,2025-02-18T22:10:42.224Z,2025-02-18T23:46:01.224Z
18/02/2025,2025,2,Tuesday,34,Tennis,10.763,135,169,37,353,2025-02-18T17:39:00.661Z,2025-02-18T18:16:29.963Z
17/02/2025,2025,2,Monday,45,Weightlifting,4.7314,87,137,82,132,2025-02-17T20:50:20.398Z,2025-02-17T22:11:55.398Z
16/02/2025,2025,2,Sunday,34,Tennis,11.2035,122,161,72,516,2025-02-16T14:12:00.788Z,2025-02-16T15:23:59.938Z
12/02/2025,2025,2,Wednesday,45,Weightlifting,4.029,73,116,27,37,2025-02-13T00:29:08.276Z,2025-02-13T00:56:37.276Z
11/02/2025,2025,2,Tuesday,34,Tennis,12.7461,134,169,63,587,2025-02-11T17:36:00.772Z,2025-02-11T18:38:59.467Z
10/02/2025,2025,2,Monday,45,Weightlifting,5.6615,92,148,108,211,2025-02-10T22:35:07.800Z,2025-02-11T00:23:09.800Z
10/02/2025,2025,2,Monday,34,Tennis,13.9679,144,174,58,657,2025-02-10T15:06:00.699Z,2025-02-10T16:04:29.356Z
09/02/2025,2025,2,Sunday,99,Unknown,13.1746,130,164,87,749,2025-02-09T18:49:30.477Z,2025-02-09T20:16:29.402Z
09/02/2025,2025,2,Sunday,45,Weightlifting,6.0515,92,134,105,226,2025-02-09T16:23:09.743Z,2025-02-09T18:08:09.743Z
08/02/2025,2025,2,Saturday,34,Tennis,11.7426,132,165,61,544,2025-02-08T14:01:30.113Z,2025-02-08T15:02:59.368Z
07/02/2025,2025,2,Friday,45,Weightlifting,5.567,95,134,74,175,2025-02-07T21:09:49.089Z,2025-02-07T22:23:39.000Z
07/02/2025,2025,2,Friday,34,Tennis,12.2309,136,166,51,499,2025-02-07T14:27:00.279Z,2025-02-07T15:17:59.137Z
06/02/2025,2025,2,Thursday,45,Weightlifting,5.9532,99,144,54,179,2025-02-06T21:34:43.574Z,2025-02-06T22:28:27.574Z
06/02/2025,2025,2,Thursday,34,Tennis,12.3648,136,163,57,561,2025-02-06T14:37:30.683Z,2025-02-06T15:34:29.084Z
05/02/2025,2025,2,Wednesday,45,Weightlifting,4.6793,83,143,45,98,2025-02-05T21:42:43.210Z,2025-02-05T22:27:16.210Z
04/02/2025,2025,2,Tuesday,45,Weightlifting,5.9641,96,146,69,192,2025-02-04T21:46:40.483Z,2025-02-04T22:55:31.483Z
03/02/2025,2025,2,Monday,45,Weightlifting,5.3205,95,145,54,140,2025-02-03T22:04:43.435Z,2025-02-03T22:59:04.435Z
03/02/2025,2025,2,Monday,34,Tennis,10.0684,141,166,28,308,2025-02-03T17:39:00.462Z,2025-02-03T18:07:29.495Z
02/02/2025,2025,2,Sunday,45,Weightlifting,6.025,93,138,109,227,2025-02-02T17:56:57.823Z,2025-02-02T19:45:29.823Z
31/01/2025,2025,1,Friday,45,Weightlifting,4.3425,87,136,36,62,2025-01-31T21:23:35.159Z,2025-01-31T21:59:56.159Z
31/01/2025,2025,1,Friday,34,Tennis,12.0579,127,167,73,585,2025-01-31T14:33:00.442Z,2025-01-31T15:46:29.916Z
30/01/2025,2025,1,Thursday,45,Weightlifting,8.0399,94,161,120,371,2025-01-30T21:27:22.243Z,2025-01-30T23:27:31.243Z
30/01/2025,2025,1,Thursday,34,Tennis,11.2983,124,173,70,507,2025-01-30T14:33:00.958Z,2025-01-30T15:43:29.732Z
29/01/2025,2025,1,Wednesday,45,Weightlifting,4.8829,88,135,76,142,2025-01-29T21:55:19.366Z,2025-01-29T23:11:08.366Z
29/01/2025,2025,1,Wednesday,52,Hiking/Rucking,7.1325,105,154,75,283,2025-01-29T18:39:49.424Z,2025-01-29T19:54:29.268Z
28/01/2025,2025,1,Tuesday,45,Weightlifting,4.305,91,130,24,49,2025-01-28T20:58:04.593Z,2025-01-28T21:21:34.593Z
28/01/2025,2025,1,Tuesday,34,Tennis,11.9089,127,167,76,598,2025-01-28T16:09:00.383Z,2025-01-28T17:25:29.425Z
27/01/2025,2025,1,Monday,45,Weightlifting,10.4608,114,160,93,503,2025-01-27T21:49:31.997Z,2025-01-27T23:22:31.997Z
27/01/2025,2025,1,Monday,34,Tennis,12.0457,135,165,60,556,2025-01-27T17:04:30.468Z,2025-01-27T18:04:29.403Z
26/01/2025,2025,1,Sunday,34,Tennis,7.8672,127,159,34,262,2025-01-26T14:45:00.952Z,2025-01-26T15:19:29.587Z
25/01/2025,2025,1,Saturday,45,Weightlifting,7.1154,115,153,43,237,2025-01-25T22:49:30.328Z,2025-01-25T23:32:59.310Z
25/01/2025,2025,1,Saturday,34,Tennis,15.6148,139,169,106,1086,2025-01-25T12:13:30.600Z,2025-01-25T13:59:59.420Z
24/01/2025,2025,1,Friday,45,Weightlifting,9.0797,107,158,101,409,2025-01-24T21:32:11.136Z,2025-01-24T23:13:08.136Z
23/01/2025,2025,1,Thursday,34,Tennis,15.0922,133,170,117,1017,2025-01-24T00:25:30.775Z,2025-01-24T02:22:47.862Z
23/01/2025,2025,1,Thursday,34,Tennis,11.8546,139,161,49,499,2025-01-23T20:37:30.825Z,2025-01-23T21:26:59.312Z
22/01/2025,2025,1,Wednesday,45,Weightlifting,4.2722,83,128,69,101,2025-01-22T21:01:55.180Z,2025-01-22T22:10:53.180Z
21/01/2025,2025,1,Tuesday,34,Tennis,13.335,134,169,72,654,2025-01-21T16:37:30.540Z,2025-01-21T17:49:29.654Z
20/01/2025,2025,1,Monday,45,Weightlifting,6.2205,98,142,83,231,2025-01-20T21:21:51.063Z,2025-01-20T22:44:37.063Z
20/01/2025,2025,1,Monday,34,Tennis,14.8474,140,176,84,869,2025-01-20T16:27:00.328Z,2025-01-20T17:50:59.322Z
19/01/2025,2025,1,Sunday,45,Weightlifting,5.7736,95,142,97,214,2025-01-19T14:23:35.832Z,2025-01-19T16:00:58.832Z
18/01/2025,2025,1,Saturday,34,Tennis,15.6788,141,177,88,935,2025-01-18T16:01:30.798Z,2025-01-18T17:29:59.831Z
17/01/2025,2025,1,Friday,0,Activity,4.2802,106,140,8,28,2025-01-17T23:00:35.888Z,2025-01-17T23:08:16.747Z
16/01/2025,2025,1,Thursday,45,Weightlifting,6.0151,96,150,104,231,2025-01-16T21:23:09.598Z,2025-01-16T23:07:03.598Z
16/01/2025,2025,1,Thursday,34,Tennis,12.7694,135,165,64,606,2025-01-16T14:01:30.604Z,2025-01-16T15:05:59.858Z
15/01/2025,2025,1,Wednesday,34,Tennis,12.5673,131,172,69,597,2025-01-15T14:06:00.584Z,2025-01-15T15:14:59.965Z
14/01/2025,2025,1,Tuesday,45,Weightlifting,4.8646,112,147,15,71,2025-01-14T23:21:00.661Z,2025-01-14T23:35:59.467Z
13/01/2025,2025,1,Monday,45,Weightlifting,6.7375,99,142,113,292,2025-01-13T21:29:53.357Z,2025-01-13T23:23:06.357Z
11/01/2025,2025,1,Saturday,45,Weightlifting,7.7446,114,168,55,291,2025-01-11T22:28:17.248Z,2025-01-11T23:23:34.248Z
09/01/2025,2025,1,Thursday,45,Weightlifting,6.9492,101,147,94,295,2025-01-09T21:19:01.597Z,2025-01-09T22:53:26.597Z
08/01/2025,2025,1,Wednesday,45,Weightlifting,6.6732,102,156,68,239,2025-01-08T21:47:22.917Z,2025-01-08T22:55:26.917Z
08/01/2025,2025,1,Wednesday,34,Tennis,11.8695,136,169,49,475,2025-01-08T14:06:00.842Z,2025-01-08T14:55:29.337Z
07/01/2025,2025,1,Tuesday,45,Weightlifting,7.7845,105,154,82,300,2025-01-07T20:54:59.834Z,2025-01-07T22:17:17.834Z
06/01/2025,2025,1,Monday,34,Tennis,14.3287,130,169,103,877,2025-01-06T19:55:30.045Z,2025-01-06T21:38:59.115Z
04/01/2025,2025,1,Saturday,89,Mixed Martial Arts,5.154,116,149,16,93,2025-01-04T12:13:30.089Z,2025-01-04T12:29:59.257Z
03/01/2025,2025,1,Friday,0,Activity,4.9744,99,140,35,96,2025-01-03T19:58:19.813Z,2025-01-03T20:32:52.443Z
03/01/2025,2025,1,Friday,63,Ice Skating,4.9518,109,149,18,79,2025-01-03T16:07:30.913Z,2025-01-03T16:25:29.497Z
01/01/2025,2025,1,Wednesday,-1,Unknown,10.7028,132,191,34,313,2025-01-01T09:27:00.503Z,2025-01-01T10:01:29.231Z
31/12/2024,2024,12,Tuesday,-1,Unknown,12.9528,136,173,61,604,2024-12-31T23:58:30.577Z,2025-01-01T00:59:59.104Z
30/12/2024,2024,12,Monday,45,Weightlifting,8.5577,110,154,83,381,2024-12-30T20:56:29.260Z,2024-12-30T22:19:12.260Z
30/12/2024,2024,12,Monday,63,Ice Skating,5.1902,118,145,15,94,2024-12-30T16:37:30.295Z,2024-12-30T16:52:29.115Z
28/12/2024,2024,12,Saturday,-1,Unknown,8.503,139,164,22,232,2024-12-28T06:52:30.111Z,2024-12-28T07:14:59.755Z
27/12/2024,2024,12,Friday,45,Weightlifting,4.664,92,135,41,84,2024-12-27T13:56:05.175Z,2024-12-27T14:37:24.175Z
26/12/2024,2024,12,Thursday,45,Weightlifting,6.7038,97,146,100,282,2024-12-26T20:38:24.824Z,2024-12-26T22:18:44.000Z
24/12/2024,2024,12,Tuesday,45,Weightlifting,5.37,89,141,83,182,2024-12-24T20:45:33.550Z,2024-12-24T22:08:38.550Z
21/12/2024,2024,12,Saturday,45,Weightlifting,8.7054,103,155,125,425,2024-12-21T16:44:24.152Z,2024-12-21T18:49:27.152Z
20/12/2024,2024,12,Friday,45,Weightlifting,4.8996,93,124,55,109,2024-12-20T21:48:53.890Z,2024-12-20T22:44:10.890Z
20/12/2024,2024,12,Friday,34,Tennis,13.3553,142,167,57,609,2024-12-20T14:07:30.362Z,2024-12-20T15:04:29.405Z
19/12/2024,2024,12,Thursday,45,Weightlifting,6.9331,102,143,83,256,2024-12-19T21:57:53.917Z,2024-12-19T23:21:18.917Z
19/12/2024,2024,12,Thursday,0,Activity,12.2934,150,174,33,405,2024-12-19T21:12:36.999Z,2024-12-19T21:45:11.680Z
19/12/2024,2024,12,Thursday,34,Tennis,12.2817,132,169,61,550,2024-12-19T15:01:30.016Z,2024-12-19T16:02:59.460Z
18/12/2024,2024,12,Wednesday,34,Tennis,12.5891,136,165,60,575,2024-12-18T14:01:30.361Z,2024-12-18T15:01:29.443Z
17/12/2024,2024,12,Tuesday,45,Weightlifting,4.1245,90,120,12,23,2024-12-17T21:08:31.200Z,2024-12-17T21:20:25.200Z
16/12/2024,2024,12,Monday,34,Tennis,15.5098,136,166,115,1106,2024-12-16T20:58:30.641Z,2024-12-16T22:53:59.515Z
14/12/2024,2024,12,Saturday,45,Weightlifting,6.6977,111,144,46,217,2024-12-14T21:18:00.210Z,2024-12-14T22:04:29.918Z
13/12/2024,2024,12,Friday,45,Weightlifting,9.1829,116,147,78,440,2024-12-13T21:37:30.845Z,2024-12-13T22:55:29.518Z
13/12/2024,2024,12,Friday,34,Tennis,14.6712,140,172,81,842,2024-12-13T16:22:30.596Z,2024-12-13T17:43:29.994Z
12/12/2024,2024,12,Thursday,45,Weightlifting,4.3376,90,131,35,57,2024-12-12T21:11:11.446Z,2024-12-12T21:46:11.446Z
10/12/2024,2024,12,Tuesday,45,Weightlifting,5.8157,98,144,76,185,2024-12-10T20:59:29.161Z,2024-12-10T22:15:18.161Z
09/12/2024,2024,12,Monday,45,Weightlifting,5.0208,93,133,66,134,2024-12-09T22:43:34.215Z,2024-12-09T23:50:03.215Z
09/12/2024,2024,12,Monday,0,Activity,4.0322,85,123,14,22,2024-12-09T20:50:52.035Z,2024-12-09T21:05:01.839Z
08/12/2024,2024,12,Sunday,0,Activity,4.0948,115,134,2,14,2024-12-08T18:39:50.966Z,2024-12-08T18:42:19.263Z
08/12/2024,2024,12,Sunday,45,Weightlifting,7.2121,100,153,103,305,2024-12-08T16:16:21.833Z,2024-12-08T17:58:58.833Z
07/12/2024,2024,12,Saturday,45,Weightlifting,10.1808,116,160,85,485,2024-12-07T19:49:25.109Z,2024-12-07T21:14:26.109Z
06/12/2024,2024,12,Friday,45,Weightlifting,5.81,99,145,66,180,2024-12-06T20:33:28.002Z,2024-12-06T21:39:31.002Z
06/12/2024,2024,12,Friday,34,Tennis,13.2965,134,163,75,691,2024-12-06T13:49:30.321Z,2024-12-06T15:04:29.230Z
05/12/2024,2024,12,Thursday,45,Weightlifting,6.7878,100,139,96,254,2024-12-05T21:37:14.192Z,2024-12-05T23:13:17.192Z
05/12/2024,2024,12,Thursday,34,Tennis,14.4144,141,172,70,745,2024-12-05T14:07:30.319Z,2024-12-05T15:17:40.837Z
04/12/2024,2024,12,Wednesday,45,Weightlifting,6.0697,91,154,107,243,2024-12-04T13:57:47.261Z,2024-12-04T15:44:19.261Z
03/12/2024,2024,12,Tuesday,45,Weightlifting,4.2348,82,120,77,104,2024-12-03T20:12:59.845Z,2024-12-03T21:29:55.845Z
02/12/2024,2024,12,Monday,45,Weightlifting,6.2138,96,150,102,245,2024-12-02T20:50:24.000Z,2024-12-02T22:32:46.022Z
01/12/2024,2024,12,Sunday,45,Weightlifting,4.3614,84,130,68,101,2024-12-01T19:23:04.681Z,2024-12-01T20:30:58.681Z
01/12/2024,2024,12,Sunday,34,Tennis,13.18,141,169,57,605,2024-12-01T14:07:30.748Z,2024-12-01T15:04:29.149Z
30/11/2024,2024,11,Saturday,45,Weightlifting,12.5947,121,162,114,778,2024-11-30T18:24:00.064Z,2024-11-30T20:17:59.737Z
30/11/2024,2024,11,Saturday,63,Ice Skating,5.4311,112,141,22,112,2024-11-30T14:12:00.699Z,2024-11-30T14:34:29.411Z
29/11/2024,2024,11,Friday,45,Weightlifting,4.4793,84,136,71,115,2024-11-29T09:43:43.445Z,2024-11-29T10:54:46.445Z
28/11/2024,2024,11,Thursday,34,Tennis,14.3295,142,171,70,766,2024-11-28T14:52:30.188Z,2024-11-28T16:02:59.931Z
27/11/2024,2024,11,Wednesday,45,Weightlifting,6.6768,102,145,78,253,2024-11-27T20:41:30.145Z,2024-11-27T21:59:02.145Z
27/11/2024,2024,11,Wednesday,34,Tennis,13.1641,142,172,51,551,2024-11-27T14:13:30.951Z,2024-11-27T15:04:29.780Z
25/11/2024,2024,11,Monday,34,Tennis,15.197,135,163,106,1017,2024-11-25T22:07:30.681Z,2024-11-25T23:53:59.515Z
25/11/2024,2024,11,Monday,45,Weightlifting,8.646,108,158,82,360,2024-11-25T20:42:05.082Z,2024-11-25T22:04:29.082Z
23/11/2024,2024,11,Saturday,52,Hiking/Rucking,5.9076,126,151,16,127,2024-11-24T02:42:00.575Z,2024-11-24T02:58:29.759Z
23/11/2024,2024,11,Saturday,63,Ice Skating,4.9737,108,145,19,81,2024-11-23T15:58:30.911Z,2024-11-23T16:17:59.802Z
22/11/2024,2024,11,Friday,45,Weightlifting,6.7167,103,140,75,250,2024-11-22T21:12:14.003Z,2024-11-22T22:26:45.003Z
22/11/2024,2024,11,Friday,34,Tennis,13.1569,135,168,67,643,2024-11-22T13:55:30.372Z,2024-11-22T15:02:59.345Z
21/11/2024,2024,11,Thursday,45,Weightlifting,6.905,108,148,59,246,2024-11-21T19:42:23.517Z,2024-11-21T20:41:14.517Z
21/11/2024,2024,11,Thursday,34,Tennis,11.4312,132,164,58,522,2024-11-21T15:03:00.889Z,2024-11-21T16:01:29.653Z
20/11/2024,2024,11,Wednesday,34,Tennis,14.6217,137,164,87,865,2024-11-20T21:58:30.944Z,2024-11-20T23:25:29.845Z
20/11/2024,2024,11,Wednesday,34,Tennis,14.5419,140,165,79,829,2024-11-20T14:09:00.940Z,2024-11-20T15:28:29.961Z
19/11/2024,2024,11,Tuesday,34,Tennis,14.9606,131,168,121,1065,2024-11-19T22:00:00.624Z,2024-11-20T00:01:29.241Z
19/11/2024,2024,11,Tuesday,45,Weightlifting,6.1736,101,145,69,205,2024-11-19T20:47:19.256Z,2024-11-19T21:56:45.256Z
18/11/2024,2024,11,Monday,45,Weightlifting,6.2949,101,144,72,227,2024-11-18T21:38:55.044Z,2024-11-18T22:50:47.044Z
16/11/2024,2024,11,Saturday,34,Tennis,11.6258,124,161,83,596,2024-11-16T22:31:30.803Z,2024-11-16T23:54:30.252Z
15/11/2024,2024,11,Friday,101,Unknown,8.8021,126,162,45,347,2024-11-15T21:06:00.180Z,2024-11-15T21:50:59.526Z
15/11/2024,2024,11,Friday,101,Unknown,7.8809,129,159,30,249,2024-11-15T20:09:00.846Z,2024-11-15T20:38:59.418Z
15/11/2024,2024,11,Friday,34,Tennis,12.4421,133,169,64,581,2024-11-15T14:00:00.452Z,2024-11-15T15:04:29.387Z
14/11/2024,2024,11,Thursday,45,Weightlifting,7.9678,108,144,86,356,2024-11-14T21:34:30.684Z,2024-11-14T23:00:59.000Z
14/11/2024,2024,11,Thursday,34,Tennis,14.7479,125,163,141,1086,2024-11-14T18:34:30.451Z,2024-11-14T20:55:17.445Z
14/11/2024,2024,11,Thursday,34,Tennis,12.0674,134,162,58,534,2024-11-14T15:06:00.021Z,2024-11-14T16:04:09.560Z
13/11/2024,2024,11,Wednesday,-1,Unknown,9.161,142,169,22,239,2024-11-13T21:18:00.857Z,2024-11-13T21:39:55.923Z
12/11/2024,2024,11,Tuesday,34,Tennis,15.2081,131,170,129,1119,2024-11-12T22:06:00.083Z,2024-11-13T00:14:59.555Z
11/11/2024,2024,11,Monday,45,Weightlifting,5.9125,98,149,77,193,2024-11-11T21:11:29.759Z,2024-11-11T22:28:16.000Z
11/11/2024,2024,11,Monday,34,Tennis,15.1996,139,172,90,923,2024-11-11T13:36:00.418Z,2024-11-11T15:05:59.082Z
09/11/2024,2024,11,Saturday,-1,Unknown,8.1677,124,155,40,296,2024-11-09T20:10:30.724Z,2024-11-09T20:50:59.945Z
09/11/2024,2024,11,Saturday,63,Ice Skating,5.418,115,163,22,119,2024-11-09T18:04:38.217Z,2024-11-09T18:26:40.088Z
09/11/2024,2024,11,Saturday,45,Weightlifting,7.9467,110,144,74,341,2024-11-09T16:37:08.522Z,2024-11-09T17:51:37.522Z
09/11/2024,2024,11,Saturday,34,Tennis,13.1105,136,175,67,651,2024-11-09T12:00:00.695Z,2024-11-09T13:07:29.671Z
08/11/2024,2024,11,Friday,45,Weightlifting,4.3734,95,140,24,49,2024-11-08T22:22:10.467Z,2024-11-08T22:46:09.467Z
08/11/2024,2024,11,Friday,45,Weightlifting,6.184,103,150,64,202,2024-11-08T21:11:29.399Z,2024-11-08T22:15:38.399Z
07/11/2024,2024,11,Thursday,45,Weightlifting,6.2745,97,143,90,239,2024-11-07T20:48:14.353Z,2024-11-07T22:18:03.353Z
06/11/2024,2024,11,Wednesday,45,Weightlifting,8.7847,111,153,86,404,2024-11-06T21:18:38.315Z,2024-11-06T22:44:28.315Z
06/11/2024,2024,11,Wednesday,34,Tennis,14.6181,150,174,55,678,2024-11-06T14:07:30.868Z,2024-11-06T15:02:24.242Z
05/11/2024,2024,11,Tuesday,45,Weightlifting,7.8607,107,145,87,344,2024-11-05T21:13:57.905Z,2024-11-05T22:40:58.000Z
04/11/2024,2024,11,Monday,63,Ice Skating,10.6182,125,182,48,366,2024-11-04T09:04:30.133Z,2024-11-04T09:52:29.140Z
02/11/2024,2024,11,Saturday,45,Weightlifting,5.5872,100,141,50,149,2024-11-02T23:23:44.646Z,2024-11-03T00:13:28.646Z
02/11/2024,2024,11,Saturday,45,Weightlifting,8.7317,112,161,64,346,2024-11-02T22:07:30.604Z,2024-11-02T23:11:59.787Z
02/11/2024,2024,11,Saturday,63,Ice Skating,4.5688,104,147,15,53,2024-11-02T06:27:00.270Z,2024-11-02T06:41:59.091Z
01/11/2024,2024,11,Friday,52,Hiking/Rucking,9.4868,130,158,40,347,2024-11-01T21:31:30.931Z,2024-11-01T22:11:59.190Z
01/11/2024,2024,11,Friday,63,Ice Skating,7.9061,124,164,36,269,2024-11-01T20:30:00.485Z,2024-11-01T21:05:59.563Z
31/10/2024,2024,10,Thursday,63,Ice Skating,8.4619,124,154,42,310,2024-11-01T02:31:30.932Z,2024-11-01T03:13:29.554Z
31/10/2024,2024,10,Thursday,45,Weightlifting,8.8544,111,146,86,418,2024-10-31T22:59:29.200Z,2024-11-01T00:25:42.200Z
31/10/2024,2024,10,Thursday,34,Tennis,15.1292,129,177,125,1040,2024-10-31T19:06:00.465Z,2024-10-31T21:10:59.099Z
30/10/2024,2024,10,Wednesday,63,Ice Skating,4.9945,115,138,15,85,2024-10-30T20:09:00.245Z,2024-10-30T20:23:59.066Z
30/10/2024,2024,10,Wednesday,45,Weightlifting,7.548,99,146,118,347,2024-10-30T16:44:20.344Z,2024-10-30T18:42:16.344Z
29/10/2024,2024,10,Tuesday,45,Weightlifting,6.8744,114,161,37,196,2024-10-29T14:05:45.134Z,2024-10-29T14:42:17.134Z
28/10/2024,2024,10,Monday,63,Ice Skating,5.5508,115,145,22,124,2024-10-28T18:09:00.025Z,2024-10-28T18:31:29.684Z
28/10/2024,2024,10,Monday,45,Weightlifting,6.7502,106,141,63,247,2024-10-28T15:22:28.412Z,2024-10-28T16:25:13.412Z
27/10/2024,2024,10,Sunday,63,Ice Skating,5.017,110,143,19,90,2024-10-27T20:18:00.503Z,2024-10-27T20:37:29.436Z
26/10/2024,2024,10,Saturday,45,Weightlifting,4.742,107,141,15,61,2024-10-26T23:33:00.463Z,2024-10-26T23:47:59.284Z
25/10/2024,2024,10,Friday,45,Weightlifting,7.5576,111,148,59,297,2024-10-25T23:00:46.392Z,2024-10-25T23:59:56.392Z
25/10/2024,2024,10,Friday,45,Weightlifting,7.2048,116,148,45,258,2024-10-25T22:13:30.849Z,2024-10-25T22:58:29.191Z
25/10/2024,2024,10,Friday,63,Ice Skating,4.776,108,153,15,64,2024-10-25T21:34:30.100Z,2024-10-25T21:49:29.882Z
25/10/2024,2024,10,Friday,63,Ice Skating,6.3508,118,160,27,168,2024-10-25T20:39:00.136Z,2024-10-25T21:06:10.511Z
24/10/2024,2024,10,Thursday,45,Weightlifting,9.246,111,155,97,466,2024-10-24T21:50:59.813Z,2024-10-24T23:27:44.813Z
24/10/2024,2024,10,Thursday,63,Ice Skating,8.5397,115,166,61,348,2024-10-24T15:25:30.437Z,2024-10-24T16:26:59.899Z
24/10/2024,2024,10,Thursday,63,Ice Skating,7.6,112,164,51,267,2024-10-24T13:25:30.316Z,2024-10-24T14:16:29.131Z
24/10/2024,2024,10,Thursday,63,Ice Skating,5.3817,115,141,21,117,2024-10-24T17:36:03.712Z,2024-10-24T17:56:40.205Z
22/10/2024,2024,10,Tuesday,45,Weightlifting,7.68,103,140,97,336,2024-10-22T19:44:47.686Z,2024-10-22T21:22:03.686Z
21/10/2024,2024,10,Monday,45,Weightlifting,5.6888,98,142,58,166,2024-10-21T21:05:48.586Z,2024-10-21T22:04:02.586Z
20/10/2024,2024,10,Sunday,-1,Unknown,11.0659,130,162,55,472,2024-10-20T08:10:30.209Z,2024-10-20T09:05:59.152Z
20/10/2024,2024,10,Sunday,-1,Unknown,9.9856,123,160,64,461,2024-10-20T06:52:30.604Z,2024-10-20T07:56:59.829Z
19/10/2024,2024,10,Saturday,45,Weightlifting,6.26,99,140,70,210,2024-10-19T19:37:20.506Z,2024-10-19T20:47:46.506Z
18/10/2024,2024,10,Friday,45,Weightlifting,9.1317,129,174,36,296,2024-10-18T22:31:31.882Z,2024-10-18T23:07:29.996Z
18/10/2024,2024,10,Friday,45,Weightlifting,7.464,107,149,78,311,2024-10-18T20:56:21.158Z,2024-10-18T22:14:12.158Z
17/10/2024,2024,10,Thursday,45,Weightlifting,6.6263,94,144,113,290,2024-10-17T20:18:19.594Z,2024-10-17T22:11:39.594Z
16/10/2024,2024,10,Wednesday,45,Weightlifting,5.766,91,156,92,211,2024-10-16T18:45:32.203Z,2024-10-16T20:17:45.203Z
15/10/2024,2024,10,Tuesday,45,Weightlifting,6.3405,97,142,83,240,2024-10-15T21:00:35.556Z,2024-10-15T22:23:22.556Z
14/10/2024,2024,10,Monday,45,Weightlifting,6.9993,99,151,91,284,2024-10-14T20:46:47.510Z,2024-10-14T22:17:26.510Z
13/10/2024,2024,10,Sunday,45,Weightlifting,4.9348,86,149,60,127,2024-10-13T21:07:00.000Z,2024-10-13T22:07:00.000Z
12/10/2024,2024,10,Saturday,45,Weightlifting,8.7629,111,153,81,391,2024-10-12T20:18:00.492Z,2024-10-12T21:38:59.000Z
11/10/2024,2024,10,Friday,45,Weightlifting,4.7158,87,140,66,126,2024-10-11T21:21:46.057Z,2024-10-11T22:28:07.057Z
11/10/2024,2024,10,Friday,45,Weightlifting,4.0438,81,124,17,27,2024-10-11T21:04:52.465Z,2024-10-11T21:21:37.465Z
09/10/2024,2024,10,Wednesday,45,Weightlifting,4.1298,79,110,74,99,2024-10-09T19:19:23.457Z,2024-10-09T20:33:46.457Z
08/10/2024,2024,10,Tuesday,45,Weightlifting,7.0344,94,155,117,308,2024-10-08T20:01:51.258Z,2024-10-08T21:58:40.258Z
07/10/2024,2024,10,Monday,45,Weightlifting,4.8581,88,136,75,133,2024-10-07T20:54:04.608Z,2024-10-07T22:09:08.608Z
03/10/2024,2024,10,Thursday,45,Weightlifting,7.3204,99,157,95,296,2024-10-03T20:38:20.059Z,2024-10-03T22:13:18.059Z
02/10/2024,2024,10,Wednesday,45,Weightlifting,5.5447,91,144,111,215,2024-10-02T20:03:45.570Z,2024-10-02T21:54:15.570Z
01/10/2024,2024,10,Tuesday,45,Weightlifting,6.0297,96,139,104,228,2024-10-01T20:11:27.425Z,2024-10-01T21:55:23.425Z
30/09/2024,2024,9,Monday,30,Soccer,10.0517,128,165,51,409,2024-10-01T01:37:30.514Z,2024-10-01T02:28:29.388Z
30/09/2024,2024,9,Monday,45,Weightlifting,5.331,94,140,76,168,2024-09-30T20:43:16.271Z,2024-09-30T21:59:07.271Z
29/09/2024,2024,9,Sunday,0,Activity,5.1148,97,148,55,130,2024-09-29T06:07:05.808Z,2024-09-29T07:02:06.962Z
27/09/2024,2024,9,Friday,0,Activity,11.3983,151,173,28,344,2024-09-27T21:04:34.393Z,2024-09-27T21:32:07.064Z
27/09/2024,2024,9,Friday,45,Weightlifting,6.0572,97,141,102,222,2024-09-27T19:12:55.773Z,2024-09-27T20:54:27.773Z
26/09/2024,2024,9,Thursday,45,Weightlifting,6.1202,99,137,86,201,2024-09-26T21:35:40.409Z,2024-09-26T23:02:05.409Z
25/09/2024,2024,9,Wednesday,34,Tennis,14.3214,139,173,78,794,2024-09-25T14:06:00.006Z,2024-09-25T15:23:59.641Z
24/09/2024,2024,9,Tuesday,45,Weightlifting,5.452,93,144,75,166,2024-09-24T20:59:47.240Z,2024-09-24T22:14:29.240Z
23/09/2024,2024,9,Monday,45,Weightlifting,4.2849,82,130,60,91,2024-09-23T23:30:00.000Z,2024-09-24T00:30:00.000Z
22/09/2024,2024,9,Sunday,45,Weightlifting,6.2492,98,148,96,239,2024-09-22T16:13:05.935Z,2024-09-22T17:49:01.935Z
20/09/2024,2024,9,Friday,45,Weightlifting,5.4947,105,137,37,132,2024-09-20T21:30:00.039Z,2024-09-20T22:07:29.493Z
20/09/2024,2024,9,Friday,34,Tennis,12.4999,135,168,60,561,2024-09-20T14:01:30.383Z,2024-09-20T15:01:29.511Z
20/09/2024,2024,9,Friday,0,Activity,3.376,90,112,8,11,2024-09-20T03:13:05.885Z,2024-09-20T03:21:11.367Z
18/09/2024,2024,9,Wednesday,45,Weightlifting,6.1588,104,139,61,206,2024-09-18T21:07:30.506Z,2024-09-18T22:08:29.000Z
18/09/2024,2024,9,Wednesday,39,Boxing,10.0241,111,172,90,438,2024-09-18T19:06:00.009Z,2024-09-18T20:35:59.648Z
18/09/2024,2024,9,Wednesday,34,Tennis,12.7675,135,165,69,641,2024-09-18T14:54:00.683Z,2024-09-18T16:02:59.060Z
17/09/2024,2024,9,Tuesday,45,Weightlifting,6.8891,105,143,73,254,2024-09-17T21:35:46.937Z,2024-09-17T22:48:51.937Z
16/09/2024,2024,9,Monday,45,Weightlifting,10.1135,105,160,191,611,2024-09-16T21:03:37.000Z,2024-09-17T00:15:00.649Z
14/09/2024,2024,9,Saturday,63,Ice Skating,5.1496,96,142,65,138,2024-09-14T14:57:53.782Z,2024-09-14T16:03:17.613Z
12/09/2024,2024,9,Thursday,45,Weightlifting,5.8737,96,154,125,255,2024-09-12T14:25:41.802Z,2024-09-12T16:30:40.802Z
09/09/2024,2024,9,Monday,63,Ice Skating,8.2018,104,152,136,408,2024-09-09T15:20:42.881Z,2024-09-09T17:37:10.567Z
09/09/2024,2024,9,Monday,63,Ice Skating,7.4762,100,156,132,358,2024-09-09T11:47:02.463Z,2024-09-09T13:58:49.956Z
08/09/2024,2024,9,Sunday,63,Ice Skating,4.5657,104,134,24,59,2024-09-08T16:19:05.512Z,2024-09-08T16:43:14.504Z
08/09/2024,2024,9,Sunday,45,Weightlifting,4.6508,93,142,67,116,2024-09-08T15:10:19.436Z,2024-09-08T16:17:31.436Z
06/09/2024,2024,9,Friday,63,Ice Skating,8.2795,136,161,28,256,2024-09-06T19:15:00.438Z,2024-09-06T19:43:29.639Z
05/09/2024,2024,9,Thursday,45,Weightlifting,4.2392,89,125,57,83,2024-09-05T10:26:52.716Z,2024-09-05T11:23:47.716Z
04/09/2024,2024,9,Wednesday,63,Ice Skating,5.0269,117,148,18,89,2024-09-04T11:51:00.932Z,2024-09-04T12:08:59.517Z
03/09/2024,2024,9,Tuesday,45,Weightlifting,4.5975,100,144,31,73,2024-09-03T13:16:30.264Z,2024-09-03T13:47:59.229Z
02/09/2024,2024,9,Monday,63,Ice Skating,6.9266,123,161,28,188,2024-09-02T21:12:00.705Z,2024-09-02T21:40:29.891Z
02/09/2024,2024,9,Monday,63,Ice Skating,6.4639,120,163,27,166,2024-09-02T14:34:30.766Z,2024-09-02T15:01:29.604Z
02/09/2024,2024,9,Monday,63,Ice Skating,4.9848,113,141,18,84,2024-09-02T13:28:30.188Z,2024-09-02T13:46:29.734Z
01/09/2024,2024,9,Sunday,63,Ice Skating,7.0248,121,160,33,210,2024-09-01T16:24:00.309Z,2024-09-01T16:56:59.622Z
01/09/2024,2024,9,Sunday,63,Ice Skating,8.9981,120,162,64,391,2024-09-01T15:04:30.311Z,2024-09-01T16:08:59.565Z
31/08/2024,2024,8,Saturday,45,Weightlifting,4.1784,89,133,38,57,2024-08-31T13:44:08.530Z,2024-08-31T14:22:17.530Z
30/08/2024,2024,8,Friday,45,Weightlifting,4.5472,92,139,66,105,2024-08-30T16:53:48.509Z,2024-08-30T17:59:29.509Z
30/08/2024,2024,8,Friday,63,Ice Skating,5.0988,111,154,25,98,2024-08-30T14:19:30.057Z,2024-08-30T14:44:59.480Z
29/08/2024,2024,8,Thursday,63,Ice Skating,5.5954,104,138,57,159,2024-08-29T15:51:29.626Z,2024-08-29T16:48:29.731Z
29/08/2024,2024,8,Thursday,63,Ice Skating,5.0305,98,148,48,114,2024-08-29T12:56:49.833Z,2024-08-29T13:45:19.687Z
28/08/2024,2024,8,Wednesday,45,Weightlifting,5.8947,95,156,84,213,2024-08-28T17:27:17.383Z,2024-08-28T18:51:31.383Z
27/08/2024,2024,8,Tuesday,45,Weightlifting,4.7606,86,144,119,191,2024-08-27T15:40:42.095Z,2024-08-27T17:40:08.095Z
27/08/2024,2024,8,Tuesday,63,Ice Skating,9.4477,106,166,135,501,2024-08-27T11:34:52.410Z,2024-08-27T13:50:10.343Z
27/08/2024,2024,8,Tuesday,63,Ice Skating,4.9234,109,159,22,84,2024-08-27T10:06:00.710Z,2024-08-27T10:28:29.422Z
27/08/2024,2024,8,Tuesday,63,Ice Skating,5.616,104,153,41,143,2024-08-27T09:05:54.723Z,2024-08-27T09:47:21.552Z
26/08/2024,2024,8,Monday,45,Weightlifting,4.8346,91,131,106,169,2024-08-26T16:39:53.759Z,2024-08-26T18:25:45.759Z
26/08/2024,2024,8,Monday,63,Ice Skating,4.8452,104,149,33,86,2024-08-26T12:42:45.480Z,2024-08-26T13:15:36.538Z
26/08/2024,2024,8,Monday,63,Ice Skating,5.4842,99,146,60,162,2024-08-26T11:13:03.528Z,2024-08-26T12:13:01.787Z
26/08/2024,2024,8,Monday,63,Ice Skating,3.9346,76,117,29,37,2024-08-26T09:40:41.462Z,2024-08-26T10:09:29.635Z
24/08/2024,2024,8,Saturday,-1,Unknown,9.9666,128,181,45,349,2024-08-24T19:27:00.118Z,2024-08-24T20:11:59.449Z
24/08/2024,2024,8,Saturday,45,Weightlifting,4.4265,90,138,57,93,2024-08-24T18:26:41.446Z,2024-08-24T19:23:12.446Z
24/08/2024,2024,8,Saturday,63,Ice Skating,6.7803,99,151,110,286,2024-08-24T14:11:52.619Z,2024-08-24T16:01:46.101Z
23/08/2024,2024,8,Friday,45,Weightlifting,5.9138,96,147,96,219,2024-08-23T15:06:33.622Z,2024-08-23T16:42:15.622Z
22/08/2024,2024,8,Thursday,45,Weightlifting,8.9352,109,158,106,427,2024-08-22T18:10:44.816Z,2024-08-22T19:57:06.816Z
21/08/2024,2024,8,Wednesday,1,Running,11.5448,125,158,85,607,2024-08-21T13:25:30.393Z,2024-08-21T14:50:59.860Z
20/08/2024,2024,8,Tuesday,0,Activity,11.9352,159,178,22,310,2024-08-20T18:58:21.061Z,2024-08-20T19:20:22.197Z
20/08/2024,2024,8,Tuesday,52,Hiking/Rucking,6.5186,112,149,43,206,2024-08-20T16:57:00.242Z,2024-08-20T17:40:29.225Z
20/08/2024,2024,8,Tuesday,63,Ice Skating,4.8817,103,143,25,88,2024-08-20T15:55:51.202Z,2024-08-20T16:21:15.000Z
20/08/2024,2024,8,Tuesday,45,Weightlifting,7.805,100,159,133,367,2024-08-20T06:47:40.120Z,2024-08-20T09:00:49.120Z
19/08/2024,2024,8,Monday,52,Hiking/Rucking,13.2617,110,162,225,1047,2024-08-19T13:24:28.640Z,2024-08-19T17:09:14.185Z
17/08/2024,2024,8,Saturday,45,Weightlifting,5.3032,96,138,59,139,2024-08-17T17:00:22.070Z,2024-08-17T17:59:06.070Z
16/08/2024,2024,8,Friday,52,Hiking/Rucking,7.8068,107,147,91,344,2024-08-16T15:55:47.189Z,2024-08-16T17:26:28.683Z
16/08/2024,2024,8,Friday,1,Running,6.1439,120,168,21,136,2024-08-16T14:07:54.103Z,2024-08-16T14:29:05.679Z
15/08/2024,2024,8,Thursday,45,Weightlifting,6.3434,103,165,60,195,2024-08-15T17:11:55.326Z,2024-08-15T18:11:32.326Z
15/08/2024,2024,8,Thursday,63,Ice Skating,4.8345,104,142,21,80,2024-08-15T15:10:30.254Z,2024-08-15T15:31:29.565Z
15/08/2024,2024,8,Thursday,63,Ice Skating,7.6326,101,161,116,352,2024-08-15T12:41:06.301Z,2024-08-15T14:37:19.016Z
15/08/2024,2024,8,Thursday,63,Ice Skating,7.1732,103,158,72,281,2024-08-15T10:05:20.719Z,2024-08-15T11:17:09.480Z
14/08/2024,2024,8,Wednesday,45,Weightlifting,5.8517,97,136,84,196,2024-08-14T10:34:05.617Z,2024-08-14T11:58:30.617Z
13/08/2024,2024,8,Tuesday,45,Weightlifting,6.1122,96,147,102,229,2024-08-13T20:22:09.034Z,2024-08-13T22:04:17.034Z
13/08/2024,2024,8,Tuesday,52,Hiking/Rucking,14.6235,113,191,180,961,2024-08-13T14:45:41.000Z,2024-08-13T17:45:18.999Z
12/08/2024,2024,8,Monday,45,Weightlifting,5.67,94,154,86,186,2024-08-12T10:39:19.378Z,2024-08-12T12:05:12.378Z
11/08/2024,2024,8,Sunday,63,Ice Skating,4.4249,96,134,22,54,2024-08-11T10:28:32.830Z,2024-08-11T10:50:19.668Z
11/08/2024,2024,8,Sunday,63,Ice Skating,4.5072,86,133,48,85,2024-08-11T13:58:08.000Z,2024-08-11T14:46:35.000Z
11/08/2024,2024,8,Sunday,63,Ice Skating,4.2994,95,132,16,39,2024-08-11T12:52:03.999Z,2024-08-11T13:07:35.000Z
10/08/2024,2024,8,Saturday,52,Hiking/Rucking,9.3116,106,156,127,491,2024-08-10T12:39:13.000Z,2024-08-10T14:46:12.999Z
09/08/2024,2024,8,Friday,52,Hiking/Rucking,10.2235,106,163,150,604,2024-08-09T17:09:50.610Z,2024-08-09T19:39:41.000Z
09/08/2024,2024,8,Friday,52,Hiking/Rucking,5.2926,96,144,44,130,2024-08-09T11:09:59.001Z,2024-08-09T11:54:13.000Z
08/08/2024,2024,8,Thursday,52,Hiking/Rucking,7.4078,101,145,103,322,2024-08-08T20:40:58.001Z,2024-08-08T22:23:37.000Z
08/08/2024,2024,8,Thursday,52,Hiking/Rucking,6.4673,100,159,66,209,2024-08-08T18:42:51.008Z,2024-08-08T19:48:22.000Z
08/08/2024,2024,8,Thursday,52,Hiking/Rucking,6.0867,98,160,71,201,2024-08-08T15:52:50.001Z,2024-08-08T17:03:54.999Z
08/08/2024,2024,8,Thursday,52,Hiking/Rucking,6.5628,117,161,31,182,2024-08-08T15:03:00.077Z,2024-08-08T15:34:29.042Z
08/08/2024,2024,8,Thursday,52,Hiking/Rucking,6.2349,94,157,64,199,2024-08-08T12:51:43.267Z,2024-08-08T13:55:52.915Z
08/08/2024,2024,8,Thursday,52,Hiking/Rucking,8.2293,107,157,93,374,2024-08-08T11:01:35.346Z,2024-08-08T12:34:23.999Z
08/08/2024,2024,8,Thursday,45,Weightlifting,5.4147,100,148,49,137,2024-08-08T09:04:38.258Z,2024-08-08T09:53:37.258Z
07/08/2024,2024,8,Wednesday,52,Hiking/Rucking,10.7638,109,161,154,648,2024-08-07T17:04:49.001Z,2024-08-07T19:39:02.999Z
07/08/2024,2024,8,Wednesday,63,Ice Skating,4.9156,110,148,18,78,2024-08-07T12:28:46.658Z,2024-08-07T12:46:36.555Z
06/08/2024,2024,8,Tuesday,45,Weightlifting,5.1151,97,131,56,118,2024-08-06T09:53:55.210Z,2024-08-06T10:50:21.210Z
05/08/2024,2024,8,Monday,0,Activity,14.9192,142,186,59,649,2024-08-05T18:58:25.406Z,2024-08-05T19:57:28.900Z
04/08/2024,2024,8,Sunday,45,Weightlifting,8.2231,105,149,121,406,2024-08-04T15:39:07.438Z,2024-08-04T17:40:14.438Z
04/08/2024,2024,8,Sunday,45,Weightlifting,5.6583,117,158,24,132,2024-08-04T15:15:00.113Z,2024-08-04T15:38:59.172Z
03/08/2024,2024,8,Saturday,1,Running,7.1666,127,157,28,212,2024-08-03T18:58:30.306Z,2024-08-03T19:26:59.492Z
03/08/2024,2024,8,Saturday,1,Running,16.5541,115,164,378,1947,2024-08-03T10:48:40.999Z,2024-08-03T17:06:18.000Z
02/08/2024,2024,8,Friday,52,Hiking/Rucking,4.5826,104,150,19,56,2024-08-02T20:18:00.035Z,2024-08-02T20:37:29.944Z
01/08/2024,2024,8,Thursday,63,Ice Skating,5.8441,95,164,82,201,2024-08-01T14:01:36.999Z,2024-08-01T15:23:11.000Z
01/08/2024,2024,8,Thursday,63,Ice Skating,8.4794,131,167,31,261,2024-08-01T12:42:00.286Z,2024-08-01T13:13:29.250Z
01/08/2024,2024,8,Thursday,63,Ice Skating,6.6864,108,163,54,221,2024-08-01T10:06:16.698Z,2024-08-01T11:00:41.109Z
31/07/2024,2024,7,Wednesday,45,Weightlifting,6.5648,105,153,68,222,2024-07-31T17:56:31.017Z,2024-07-31T19:04:19.017Z
31/07/2024,2024,7,Wednesday,63,Ice Skating,9.5104,98,149,280,647,2024-07-31T12:47:09.811Z,2024-07-31T17:27:29.000Z
31/07/2024,2024,7,Wednesday,63,Ice Skating,6.4539,108,161,42,180,2024-07-31T11:00:00.624Z,2024-07-31T11:41:59.200Z
30/07/2024,2024,7,Tuesday,63,Ice Skating,5.3669,94,140,144,242,2024-07-30T11:10:43.053Z,2024-07-30T13:34:47.001Z
29/07/2024,2024,7,Monday,45,Weightlifting,7.4949,113,148,64,301,2024-07-29T18:58:27.561Z,2024-07-29T20:02:14.561Z
29/07/2024,2024,7,Monday,52,Hiking/Rucking,16.8976,139,183,114,1126,2024-07-29T13:46:15.000Z,2024-07-29T15:40:10.000Z
29/07/2024,2024,7,Monday,63,Ice Skating,6.9656,91,147,232,452,2024-07-29T09:28:41.000Z,2024-07-29T13:20:41.008Z
28/07/2024,2024,7,Sunday,63,Ice Skating,4.7939,98,140,39,94,2024-07-28T18:32:15.663Z,2024-07-28T19:11:29.422Z
28/07/2024,2024,7,Sunday,63,Ice Skating,4.0836,96,116,15,22,2024-07-28T12:55:36.158Z,2024-07-28T13:10:26.791Z
27/07/2024,2024,7,Saturday,45,Weightlifting,7.1136,106,158,68,259,2024-07-27T18:03:12.213Z,2024-07-27T19:11:26.213Z
26/07/2024,2024,7,Friday,63,Ice Skating,6.1339,108,161,47,183,2024-07-26T18:09:21.788Z,2024-07-26T18:56:30.211Z
25/07/2024,2024,7,Thursday,52,Hiking/Rucking,5.3564,120,161,18,110,2024-07-25T22:03:00.442Z,2024-07-25T22:20:59.988Z
25/07/2024,2024,7,Thursday,63,Ice Skating,5.9248,114,148,33,160,2024-07-25T11:06:00.690Z,2024-07-25T11:38:59.057Z
24/07/2024,2024,7,Wednesday,63,Ice Skating,5.0372,104,140,34,102,2024-07-24T15:40:03.440Z,2024-07-24T16:13:50.426Z
24/07/2024,2024,7,Wednesday,63,Ice Skating,6.7734,100,147,87,268,2024-07-24T13:45:44.141Z,2024-07-24T15:12:33.389Z
24/07/2024,2024,7,Wednesday,63,Ice Skating,9.8947,114,175,98,494,2024-07-24T11:04:34.160Z,2024-07-24T12:42:30.222Z
24/07/2024,2024,7,Wednesday,45,Weightlifting,5.4559,98,139,73,159,2024-07-24T08:11:11.156Z,2024-07-24T09:23:55.156Z
23/07/2024,2024,7,Tuesday,63,Ice Skating,6.2162,122,159,21,136,2024-07-23T12:30:00.111Z,2024-07-23T12:50:59.421Z
23/07/2024,2024,7,Tuesday,63,Ice Skating,6.0082,125,157,19,136,2024-07-23T11:19:30.398Z,2024-07-23T11:38:59.330Z
23/07/2024,2024,7,Tuesday,63,Ice Skating,5.1685,116,146,18,94,2024-07-23T09:45:00.699Z,2024-07-23T10:02:59.270Z
23/07/2024,2024,7,Tuesday,63,Ice Skating,5.1168,118,143,16,93,2024-07-23T08:37:30.736Z,2024-07-23T08:53:59.919Z
21/07/2024,2024,7,Sunday,34,Tennis,8.5429,141,162,22,232,2024-07-21T20:06:00.399Z,2024-07-21T20:28:29.111Z
21/07/2024,2024,7,Sunday,45,Weightlifting,9.5662,105,164,169,531,2024-07-21T16:48:52.384Z,2024-07-21T19:37:36.384Z
20/07/2024,2024,7,Saturday,63,Ice Skating,8.9432,143,169,22,243,2024-07-20T04:34:30.263Z,2024-07-20T04:56:59.906Z
19/07/2024,2024,7,Friday,45,Weightlifting,11.0961,112,163,140,636,2024-07-19T22:11:50.687Z,2024-07-20T00:31:28.687Z
19/07/2024,2024,7,Friday,34,Tennis,13.6236,141,171,66,690,2024-07-19T13:00:00.586Z,2024-07-19T14:05:59.212Z
18/07/2024,2024,7,Thursday,45,Weightlifting,8.9735,109,149,112,450,2024-07-18T22:55:40.805Z,2024-07-19T00:47:34.805Z
18/07/2024,2024,7,Thursday,34,Tennis,12.5969,140,169,54,554,2024-07-18T21:18:00.465Z,2024-07-18T22:11:59.103Z
17/07/2024,2024,7,Wednesday,45,Weightlifting,6.2428,97,148,115,249,2024-07-17T21:49:56.885Z,2024-07-17T23:44:46.885Z
17/07/2024,2024,7,Wednesday,34,Tennis,12.3339,135,159,63,583,2024-07-17T20:01:30.307Z,2024-07-17T21:04:29.170Z
16/07/2024,2024,7,Tuesday,34,Tennis,11.5753,133,161,57,504,2024-07-16T21:06:00.420Z,2024-07-16T22:02:59.783Z
16/07/2024,2024,7,Tuesday,45,Weightlifting,6.3421,95,141,126,282,2024-07-16T17:55:00.974Z,2024-07-16T20:00:36.974Z
15/07/2024,2024,7,Monday,34,Tennis,13.1898,136,168,70,665,2024-07-15T20:54:00.180Z,2024-07-15T22:04:29.923Z
15/07/2024,2024,7,Monday,45,Weightlifting,8.7879,108,156,101,411,2024-07-15T18:53:53.962Z,2024-07-15T20:34:38.962Z
14/07/2024,2024,7,Sunday,63,Ice Skating,5.253,105,149,31,109,2024-07-14T15:26:38.098Z,2024-07-14T15:57:17.522Z
12/07/2024,2024,7,Friday,45,Weightlifting,6.3203,97,146,113,250,2024-07-12T18:36:35.929Z,2024-07-12T20:29:41.929Z
11/07/2024,2024,7,Thursday,34,Tennis,13.0521,135,174,67,632,2024-07-11T21:01:30.700Z,2024-07-11T22:08:59.712Z
11/07/2024,2024,7,Thursday,45,Weightlifting,7.989,101,142,140,390,2024-07-11T17:06:29.667Z,2024-07-11T19:26:05.667Z
10/07/2024,2024,7,Wednesday,34,Tennis,11.0588,137,169,45,433,2024-07-10T21:04:30.515Z,2024-07-10T21:49:29.831Z
10/07/2024,2024,7,Wednesday,45,Weightlifting,8.7044,108,154,98,418,2024-07-10T17:46:25.943Z,2024-07-10T19:24:11.943Z
09/07/2024,2024,7,Tuesday,45,Weightlifting,4.0373,76,121,60,78,2024-07-10T00:00:00.000Z,2024-07-10T01:00:00.000Z
07/07/2024,2024,7,Sunday,45,Weightlifting,11.3063,109,158,172,733,2024-07-07T21:35:36.477Z,2024-07-08T00:27:56.477Z
07/07/2024,2024,7,Sunday,231,Unknown,12.3832,139,168,48,486,2024-07-07T20:21:00.609Z,2024-07-07T21:08:59.675Z
06/07/2024,2024,7,Saturday,45,Weightlifting,12.0514,118,157,115,697,2024-07-06T22:05:45.593Z,2024-07-07T00:00:45.593Z
06/07/2024,2024,7,Saturday,30,Soccer,8.0537,119,160,39,244,2024-07-06T19:28:30.310Z,2024-07-06T20:07:29.166Z
05/07/2024,2024,7,Friday,45,Weightlifting,5.8819,96,144,96,214,2024-07-05T17:13:00.820Z,2024-07-05T18:48:33.820Z
05/07/2024,2024,7,Friday,45,Weightlifting,4.8645,88,134,61,123,2024-07-05T14:00:30.000Z,2024-07-05T15:01:29.000Z
04/07/2024,2024,7,Thursday,45,Weightlifting,9.5331,106,153,140,526,2024-07-04T17:54:29.617Z,2024-07-04T20:14:51.617Z
03/07/2024,2024,7,Wednesday,45,Weightlifting,7.3727,108,163,68,274,2024-07-03T12:40:40.359Z,2024-07-03T13:48:18.359Z
03/07/2024,2024,7,Wednesday,45,Weightlifting,1.709,95,122,2,3,2024-07-03T10:21:46.705Z,2024-07-03T10:23:20.705Z
01/07/2024,2024,7,Monday,45,Weightlifting,7.0288,102,141,93,281,2024-07-01T21:38:29.825Z,2024-07-01T23:11:23.825Z
30/06/2024,2024,6,Sunday,45,Weightlifting,7.2048,98,146,127,333,2024-06-30T20:44:49.129Z,2024-06-30T22:51:47.129Z
30/06/2024,2024,6,Sunday,101,Unknown,12.7779,129,160,84,677,2024-06-30T13:55:30.860Z,2024-06-30T15:19:29.980Z
29/06/2024,2024,6,Saturday,106,Unknown,12.7057,134,164,60,554,2024-06-30T00:36:00.565Z,2024-06-30T01:35:59.635Z
29/06/2024,2024,6,Saturday,45,Weightlifting,9.3121,118,159,70,421,2024-06-29T21:07:40.147Z,2024-06-29T22:17:47.147Z
29/06/2024,2024,6,Saturday,34,Tennis,10.2581,116,165,90,498,2024-06-29T15:24:00.884Z,2024-06-29T16:53:59.576Z
29/06/2024,2024,6,Saturday,63,Ice Skating,4.9816,105,149,22,82,2024-06-29T13:58:30.470Z,2024-06-29T14:20:59.138Z
28/06/2024,2024,6,Friday,45,Weightlifting,11.7293,120,161,103,659,2024-06-28T22:13:30.709Z,2024-06-28T23:56:59.737Z
28/06/2024,2024,6,Friday,52,Hiking/Rucking,12.8657,133,164,75,667,2024-06-28T18:41:27.456Z,2024-06-28T19:56:24.389Z
27/06/2024,2024,6,Thursday,45,Weightlifting,5.8884,98,144,81,199,2024-06-27T15:02:54.502Z,2024-06-27T16:23:45.502Z
26/06/2024,2024,6,Wednesday,45,Weightlifting,7.1862,100,141,110,317,2024-06-26T17:59:55.116Z,2024-06-26T19:50:08.116Z
25/06/2024,2024,6,Tuesday,45,Weightlifting,9.9116,109,155,126,529,2024-06-25T13:49:55.278Z,2024-06-25T15:55:56.278Z
24/06/2024,2024,6,Monday,45,Weightlifting,5.0727,90,141,101,172,2024-06-24T18:07:35.921Z,2024-06-24T19:48:57.921Z
23/06/2024,2024,6,Sunday,34,Tennis,12.0737,133,163,61,544,2024-06-23T21:34:30.684Z,2024-06-23T22:35:59.184Z
23/06/2024,2024,6,Sunday,34,Tennis,12.5669,140,158,55,568,2024-06-23T19:45:00.220Z,2024-06-23T20:40:29.177Z
23/06/2024,2024,6,Sunday,34,Tennis,11.6021,142,169,36,382,2024-06-23T16:22:30.327Z,2024-06-23T16:58:29.418Z
23/06/2024,2024,6,Sunday,45,Weightlifting,6.7958,105,144,73,262,2024-06-23T14:32:01.861Z,2024-06-23T15:45:00.861Z
22/06/2024,2024,6,Saturday,34,Tennis,14.7271,146,173,69,789,2024-06-22T22:39:00.115Z,2024-06-22T23:47:59.497Z
22/06/2024,2024,6,Saturday,45,Weightlifting,6.3246,102,143,70,217,2024-06-22T20:42:37.562Z,2024-06-22T21:52:41.562Z
22/06/2024,2024,6,Saturday,-1,Unknown,9.3374,128,164,42,334,2024-06-22T05:03:00.180Z,2024-06-22T05:44:59.731Z
21/06/2024,2024,6,Friday,59,Walking,9.5722,118,166,64,391,2024-06-21T18:42:00.300Z,2024-06-21T19:46:29.539Z
21/06/2024,2024,6,Friday,45,Weightlifting,5.0927,111,147,19,87,2024-06-21T18:04:30.860Z,2024-06-21T18:23:59.793Z
20/06/2024,2024,6,Thursday,45,Weightlifting,9.4938,108,149,125,504,2024-06-20T20:37:07.151Z,2024-06-20T22:42:24.151Z
19/06/2024,2024,6,Wednesday,45,Weightlifting,7.5299,107,145,80,307,2024-06-19T13:51:02.777Z,2024-06-19T15:10:40.777Z
18/06/2024,2024,6,Tuesday,0,Activity,0.0091,70,105,17,21,2024-06-18T11:20:00.000Z,2024-06-18T11:37:00.000Z
18/06/2024,2024,6,Tuesday,45,Weightlifting,10.9281,121,152,87,580,2024-06-18T14:45:14.415Z,2024-06-18T16:12:13.415Z
17/06/2024,2024,6,Monday,45,Weightlifting,6.0226,97,143,87,221,2024-06-17T18:38:37.904Z,2024-06-17T20:05:24.904Z
15/06/2024,2024,6,Saturday,45,Weightlifting,9.2849,108,160,111,452,2024-06-15T21:35:37.286Z,2024-06-15T23:26:11.286Z
15/06/2024,2024,6,Saturday,45,Weightlifting,7.0137,104,151,83,274,2024-06-15T14:36:41.303Z,2024-06-15T15:59:12.303Z
12/06/2024,2024,6,Wednesday,45,Weightlifting,10.5735,104,144,186,669,2024-06-12T17:40:00.000Z,2024-06-12T20:46:00.000Z
11/06/2024,2024,6,Tuesday,34,Tennis,12.4633,137,165,57,556,2024-06-11T21:07:30.930Z,2024-06-11T22:04:29.331Z
11/06/2024,2024,6,Tuesday,45,Weightlifting,7.6732,106,145,83,316,2024-06-11T13:30:42.612Z,2024-06-11T14:54:09.612Z
10/06/2024,2024,6,Monday,45,Weightlifting,4.4002,89,136,53,84,2024-06-10T14:01:55.669Z,2024-06-10T14:54:35.669Z
09/06/2024,2024,6,Sunday,45,Weightlifting,5.5263,94,143,99,195,2024-06-09T23:30:58.019Z,2024-06-10T01:09:30.019Z
09/06/2024,2024,6,Sunday,34,Tennis,8.0271,113,151,60,307,2024-06-09T14:36:00.000Z,2024-06-09T15:36:00.000Z
08/06/2024,2024,6,Saturday,45,Weightlifting,7.8103,110,158,66,283,2024-06-08T21:18:27.006Z,2024-06-08T22:24:03.006Z
08/06/2024,2024,6,Saturday,34,Tennis,11.9197,127,166,75,579,2024-06-08T14:19:30.466Z,2024-06-08T15:34:29.359Z
07/06/2024,2024,6,Friday,34,Tennis,14.2135,136,170,84,786,2024-06-07T20:06:00.000Z,2024-06-07T21:30:00.000Z
07/06/2024,2024,6,Friday,45,Weightlifting,8.1482,120,160,49,305,2024-06-07T21:32:53.011Z,2024-06-07T22:22:20.011Z
07/06/2024,2024,6,Friday,63,Ice Skating,5.7476,117,160,22,128,2024-06-07T14:06:40.485Z,2024-06-07T14:28:30.278Z
06/06/2024,2024,6,Thursday,34,Tennis,12.1355,138,166,57,547,2024-06-06T19:57:00.398Z,2024-06-06T20:54:18.026Z
06/06/2024,2024,6,Thursday,45,Weightlifting,6.9764,102,169,101,291,2024-06-06T15:06:44.059Z,2024-06-06T16:47:41.059Z
05/06/2024,2024,6,Wednesday,34,Tennis,10.9164,143,170,35,371,2024-06-05T20:01:30.518Z,2024-06-05T20:36:02.401Z
05/06/2024,2024,6,Wednesday,45,Weightlifting,5.9113,94,162,125,247,2024-06-05T17:48:40.729Z,2024-06-05T19:53:39.729Z
04/06/2024,2024,6,Tuesday,45,Weightlifting,5.3628,92,139,100,193,2024-06-04T20:53:14.052Z,2024-06-04T22:32:45.052Z
04/06/2024,2024,6,Tuesday,34,Tennis,12.8586,123,163,106,743,2024-06-04T13:13:30.742Z,2024-06-04T14:59:28.801Z
03/06/2024,2024,6,Monday,45,Weightlifting,6.0245,96,159,106,234,2024-06-03T21:41:46.943Z,2024-06-03T23:28:07.943Z
03/06/2024,2024,6,Monday,34,Tennis,15.7213,136,173,118,1108,2024-06-03T13:18:00.577Z,2024-06-03T15:16:29.385Z
02/06/2024,2024,6,Sunday,45,Weightlifting,7.7943,102,150,130,354,2024-06-02T20:00:08.586Z,2024-06-02T22:09:40.586Z
02/06/2024,2024,6,Sunday,34,Tennis,14.597,132,171,121,1024,2024-06-02T14:22:30.546Z,2024-06-02T16:23:59.105Z
01/06/2024,2024,6,Saturday,45,Weightlifting,9.0551,110,149,112,446,2024-06-01T17:24:30.488Z,2024-06-01T19:16:53.488Z
30/05/2024,2024,5,Thursday,45,Weightlifting,6.4171,105,156,65,206,2024-05-30T15:15:00.000Z,2024-05-30T16:20:00.000Z
30/05/2024,2024,5,Thursday,0,Activity,13.8841,144,183,57,611,2024-05-30T14:16:42.429Z,2024-05-30T15:13:23.750Z
29/05/2024,2024,5,Wednesday,45,Weightlifting,7.004,109,159,65,252,2024-05-29T21:30:22.000Z,2024-05-29T22:35:51.953Z
29/05/2024,2024,5,Wednesday,34,Tennis,12.5156,139,166,57,564,2024-05-29T19:07:30.021Z,2024-05-29T20:04:29.355Z
28/05/2024,2024,5,Tuesday,45,Weightlifting,10.1441,115,142,110,581,2024-05-28T23:39:39.905Z,2024-05-29T01:30:00.905Z
27/05/2024,2024,5,Monday,45,Weightlifting,5.0889,96,140,75,136,2024-05-28T00:02:09.874Z,2024-05-28T01:16:39.874Z
26/05/2024,2024,5,Sunday,45,Weightlifting,5.8981,95,138,122,242,2024-05-26T22:04:10.648Z,2024-05-27T00:05:59.648Z
26/05/2024,2024,5,Sunday,63,Ice Skating,6.3136,114,159,35,169,2024-05-26T16:12:20.734Z,2024-05-26T16:46:52.241Z
25/05/2024,2024,5,Saturday,45,Weightlifting,9.2694,110,159,121,485,2024-05-25T20:55:34.376Z,2024-05-25T22:56:10.376Z
25/05/2024,2024,5,Saturday,34,Tennis,15.9061,137,169,124,1183,2024-05-25T13:06:00.580Z,2024-05-25T15:10:29.922Z
24/05/2024,2024,5,Friday,45,Weightlifting,8.0079,106,155,85,330,2024-05-24T21:21:34.124Z,2024-05-24T22:46:27.124Z
23/05/2024,2024,5,Thursday,45,Weightlifting,4.3209,89,123,70,99,2024-05-23T23:27:54.341Z,2024-05-24T00:37:58.000Z
22/05/2024,2024,5,Wednesday,45,Weightlifting,5.0766,94,139,93,160,2024-05-23T00:45:23.134Z,2024-05-23T02:18:26.000Z
22/05/2024,2024,5,Wednesday,34,Tennis,12.096,136,163,58,540,2024-05-22T23:03:00.168Z,2024-05-23T00:01:29.894Z
21/05/2024,2024,5,Tuesday,45,Weightlifting,4.629,92,126,85,126,2024-05-21T23:58:25.128Z,2024-05-22T01:23:22.128Z
20/05/2024,2024,5,Monday,45,Weightlifting,4.9982,95,130,66,124,2024-05-21T00:54:25.032Z,2024-05-21T02:00:02.032Z
19/05/2024,2024,5,Sunday,45,Weightlifting,5.4913,94,146,83,181,2024-05-19T20:55:17.637Z,2024-05-19T22:18:13.637Z
16/05/2024,2024,5,Thursday,63,Ice Skating,5.0192,113,149,18,85,2024-05-17T01:15:00.427Z,2024-05-17T01:32:59.944Z
16/05/2024,2024,5,Thursday,45,Weightlifting,5.083,95,132,79,136,2024-05-16T23:52:41.192Z,2024-05-17T01:11:27.192Z
16/05/2024,2024,5,Thursday,45,Weightlifting,1.1782,81,113,13,16,2024-05-16T23:38:44.618Z,2024-05-16T23:51:56.618Z
15/05/2024,2024,5,Wednesday,34,Tennis,12.6949,136,169,61,583,2024-05-15T23:01:30.661Z,2024-05-16T00:02:59.147Z
12/05/2024,2024,5,Sunday,0,Activity,4.0682,97,110,6,11,2024-05-12T05:12:19.403Z,2024-05-12T05:18:17.957Z
09/05/2024,2024,5,Thursday,-1,Unknown,5.6125,115,180,18,101,2024-05-10T00:43:30.558Z,2024-05-10T01:01:29.143Z
08/05/2024,2024,5,Wednesday,34,Tennis,11.244,132,155,57,498,2024-05-09T00:04:30.519Z,2024-05-09T01:01:29.867Z
06/05/2024,2024,5,Monday,34,Tennis,12.8393,135,158,61,581,2024-05-06T23:36:00.923Z,2024-05-07T00:37:29.437Z
03/05/2024,2024,5,Friday,63,Ice Skating,9.171,122,163,38,281,2024-05-03T19:43:34.177Z,2024-05-03T20:21:16.388Z
01/05/2024,2024,5,Wednesday,63,Ice Skating,6.2841,111,156,34,162,2024-05-01T18:13:15.369Z,2024-05-01T18:46:52.447Z
01/05/2024,2024,5,Wednesday,63,Ice Skating,5.0706,101,140,19,92,2024-05-01T14:42:00.767Z,2024-05-01T15:01:29.714Z
01/05/2024,2024,5,Wednesday,63,Ice Skating,8.7569,110,154,74,368,2024-05-01T13:09:11.187Z,2024-05-01T14:23:25.923Z
29/04/2024,2024,4,Monday,34,Tennis,11.8355,132,154,61,534,2024-04-30T00:01:30.197Z,2024-04-30T01:02:59.686Z
25/04/2024,2024,4,Thursday,45,Weightlifting,5.5034,87,121,120,211,2024-04-25T23:30:00.000Z,2024-04-26T01:30:00.000Z
24/04/2024,2024,4,Wednesday,45,Weightlifting,4.4525,84,122,90,128,2024-04-24T10:30:00.000Z,2024-04-24T12:00:00.000Z
24/04/2024,2024,4,Wednesday,34,Tennis,13.142,129,165,85,703,2024-04-24T23:49:30.158Z,2024-04-25T01:14:26.021Z
23/04/2024,2024,4,Tuesday,59,Walking,5.7705,97,138,63,175,2024-04-24T00:15:00.000Z,2024-04-24T01:17:59.354Z
22/04/2024,2024,4,Monday,34,Tennis,12.4775,137,162,58,563,2024-04-22T23:43:30.296Z,2024-04-23T00:41:59.060Z
20/04/2024,2024,4,Saturday,34,Tennis,15.9053,134,161,133,1230,2024-04-20T21:58:30.343Z,2024-04-21T00:11:59.938Z
18/04/2024,2024,4,Thursday,34,Tennis,14.0976,143,165,66,725,2024-04-19T00:03:00.264Z,2024-04-19T01:08:59.852Z
17/04/2024,2024,4,Wednesday,45,Weightlifting,5.426,95,136,60,154,2024-04-18T00:30:00.000Z,2024-04-18T01:30:00.000Z
15/04/2024,2024,4,Monday,34,Tennis,12.7061,136,156,61,595,2024-04-16T00:04:30.111Z,2024-04-16T01:05:59.600Z
10/04/2024,2024,4,Wednesday,45,Weightlifting,4.5827,86,124,60,102,2024-04-11T00:30:00.000Z,2024-04-11T01:30:00.000Z
09/04/2024,2024,4,Tuesday,34,Tennis,14.808,147,164,65,766,2024-04-09T23:09:00.613Z,2024-04-10T00:14:21.762Z
08/04/2024,2024,4,Monday,45,Weightlifting,4.5235,85,125,70,109,2024-04-09T00:20:00.000Z,2024-04-09T01:30:00.000Z
07/04/2024,2024,4,Sunday,45,Weightlifting,5.848,120,152,17,114,2024-04-07T16:28:30.445Z,2024-04-07T16:45:40.964Z
07/04/2024,2024,4,Sunday,0,Activity,13.3607,154,177,35,459,2024-04-07T14:50:54.569Z,2024-04-07T15:25:56.420Z
07/04/2024,2024,4,Sunday,34,Tennis,12.8512,138,155,60,598,2024-04-07T13:10:30.661Z,2024-04-07T14:10:29.760Z
06/04/2024,2024,4,Saturday,45,Weightlifting,8.7202,103,136,127,438,2024-04-06T14:20:00.000Z,2024-04-06T16:27:00.000Z
05/04/2024,2024,4,Friday,34,Tennis,14.3051,138,157,85,845,2024-04-05T22:52:30.439Z,2024-04-06T00:17:59.965Z
03/04/2024,2024,4,Wednesday,34,Tennis,12.1504,133,156,60,539,2024-04-04T00:13:30.157Z,2024-04-04T01:13:29.285Z
02/04/2024,2024,4,Tuesday,45,Weightlifting,4.3628,81,129,90,127,2024-04-03T00:00:00.000Z,2024-04-03T01:30:00.000Z
01/04/2024,2024,4,Monday,34,Tennis,13.4499,135,153,79,752,2024-04-01T23:52:30.866Z,2024-04-02T01:11:59.887Z
01/04/2024,2024,4,Monday,45,Weightlifting,5.087,86,140,75,149,2024-04-01T10:40:00.000Z,2024-04-01T11:55:00.000Z
30/03/2024,2024,3,Saturday,30,Soccer,11.7418,143,163,36,396,2024-03-30T23:30:00.429Z,2024-03-31T00:05:59.506Z
30/03/2024,2024,3,Saturday,34,Tennis,13.0458,132,172,75,663,2024-03-30T21:22:30.389Z,2024-03-30T22:37:29.270Z
29/03/2024,2024,3,Friday,30,Soccer,11.5331,136,164,44,423,2024-03-29T23:34:30.457Z,2024-03-30T00:18:32.125Z
29/03/2024,2024,3,Friday,34,Tennis,16.5657,144,163,103,1150,2024-03-29T21:21:00.859Z,2024-03-29T23:04:29.931Z
29/03/2024,2024,3,Friday,1,Running,4.9874,111,133,18,87,2024-03-29T20:50:11.472Z,2024-03-29T21:08:23.192Z
29/03/2024,2024,3,Friday,63,Ice Skating,4.8577,97,128,29,82,2024-03-29T14:37:52.597Z,2024-03-29T15:06:58.315Z
27/03/2024,2024,3,Wednesday,34,Tennis,13.2008,141,169,55,584,2024-03-27T23:09:00.012Z,2024-03-28T00:04:29.930Z
27/03/2024,2024,3,Wednesday,63,Ice Skating,4.8621,113,144,14,71,2024-03-27T16:44:42.633Z,2024-03-27T16:58:39.535Z
26/03/2024,2024,3,Tuesday,34,Tennis,15.1797,145,163,73,833,2024-03-26T22:49:30.058Z,2024-03-27T00:02:59.522Z
25/03/2024,2024,3,Monday,34,Tennis,13.0787,139,159,60,614,2024-03-26T00:03:00.526Z,2024-03-26T01:02:59.610Z
24/03/2024,2024,3,Sunday,45,Weightlifting,4.0701,74,126,63,83,2024-03-24T13:50:00.000Z,2024-03-24T14:53:00.000Z
24/03/2024,2024,3,Sunday,34,Tennis,8.8771,130,159,30,259,2024-03-24T13:10:00.000Z,2024-03-24T13:40:00.000Z
23/03/2024,2024,3,Saturday,45,Weightlifting,7.1729,98,128,120,322,2024-03-23T18:20:00.000Z,2024-03-23T20:20:00.000Z
23/03/2024,2024,3,Saturday,34,Tennis,14.706,133,163,105,954,2024-03-23T13:16:30.753Z,2024-03-23T15:01:46.487Z
20/03/2024,2024,3,Wednesday,45,Weightlifting,5.7051,90,133,93,197,2024-03-20T10:20:00.000Z,2024-03-20T11:53:00.000Z
17/03/2024,2024,3,Sunday,34,Tennis,17.3123,144,165,118,1307,2024-03-17T12:31:30.073Z,2024-03-17T14:29:16.337Z
16/03/2024,2024,3,Saturday,63,Ice Skating,5.7969,97,134,74,173,2024-03-16T21:04:24.310Z,2024-03-16T22:18:47.151Z
16/03/2024,2024,3,Saturday,230,Unknown,7.0284,131,153,21,183,2024-03-16T19:10:30.079Z,2024-03-16T19:31:46.693Z
16/03/2024,2024,3,Saturday,45,Weightlifting,11.3076,115,148,122,671,2024-03-16T14:30:00.517Z,2024-03-16T16:32:00.000Z
16/03/2024,2024,3,Saturday,34,Tennis,15.3358,138,165,97,979,2024-03-16T12:09:00.111Z,2024-03-16T13:46:29.611Z
14/03/2024,2024,3,Thursday,34,Tennis,18.0276,148,162,121,1462,2024-03-14T23:12:00.499Z,2024-03-15T01:13:29.103Z
12/03/2024,2024,3,Tuesday,45,Weightlifting,5.5223,86,145,80,174,2024-03-13T00:10:00.000Z,2024-03-13T01:30:00.000Z
11/03/2024,2024,3,Monday,45,Weightlifting,4.9788,91,123,80,137,2024-03-12T00:10:00.000Z,2024-03-12T01:30:00.000Z
10/03/2024,2024,3,Sunday,230,Unknown,7.787,130,153,28,231,2024-03-10T18:04:30.138Z,2024-03-10T18:32:15.105Z
10/03/2024,2024,3,Sunday,45,Weightlifting,9.1589,107,145,117,469,2024-03-10T13:30:00.000Z,2024-03-10T15:27:00.000Z
10/03/2024,2024,3,Sunday,34,Tennis,14.8055,144,170,70,782,2024-03-10T12:07:30.417Z,2024-03-10T13:17:35.168Z
08/03/2024,2024,3,Friday,-1,Unknown,10.0907,148,170,22,267,2024-03-08T22:42:00.199Z,2024-03-08T23:04:29.798Z
03/03/2024,2024,3,Sunday,45,Weightlifting,5.8653,100,144,55,170,2024-03-03T17:05:00.000Z,2024-03-03T18:00:00.000Z
03/03/2024,2024,3,Sunday,34,Tennis,9.8301,127,154,52,404,2024-03-03T14:13:30.251Z,2024-03-03T15:05:59.445Z
29/02/2024,2024,2,Thursday,34,Tennis,12.8677,138,172,57,554,2024-02-29T11:00:00.286Z,2024-02-29T11:56:48.055Z
28/02/2024,2024,2,Wednesday,34,Tennis,16.9052,149,169,90,1074,2024-02-28T23:48:00.574Z,2024-02-29T01:17:59.222Z
28/02/2024,2024,2,Wednesday,34,Tennis,13.4507,137,168,71,676,2024-02-28T11:01:30.503Z,2024-02-28T12:12:18.469Z
27/02/2024,2024,2,Tuesday,45,Weightlifting,3.729,69,108,58,71,2024-02-28T00:22:00.000Z,2024-02-28T01:20:00.000Z
26/02/2024,2024,2,Monday,34,Tennis,9.2337,121,161,63,401,2024-02-26T11:06:00.388Z,2024-02-26T12:08:59.284Z
25/02/2024,2024,2,Sunday,34,Tennis,15.7633,146,162,83,938,2024-02-25T23:21:00.069Z,2024-02-26T00:43:32.078Z
25/02/2024,2024,2,Sunday,34,Tennis,16.7609,135,162,160,1452,2024-02-25T20:10:30.152Z,2024-02-25T22:50:59.543Z
25/02/2024,2024,2,Sunday,1,Running,4.719,96,128,45,86,2024-02-25T13:45:00.000Z,2024-02-25T14:30:00.000Z
24/02/2024,2024,2,Saturday,0,Activity,10.8093,134,167,45,401,2024-02-24T13:52:30.474Z,2024-02-24T14:37:29.823Z
23/02/2024,2024,2,Friday,-1,Unknown,9.8645,147,179,19,225,2024-02-24T02:51:00.208Z,2024-02-24T03:10:29.156Z
23/02/2024,2024,2,Friday,-1,Unknown,8.9981,128,169,30,243,2024-02-24T01:18:00.786Z,2024-02-24T01:47:59.390Z
22/02/2024,2024,2,Thursday,34,Tennis,14.803,143,173,63,688,2024-02-22T23:01:30.536Z,2024-02-23T00:04:51.645Z
21/02/2024,2024,2,Wednesday,34,Tennis,13.0121,136,158,67,640,2024-02-21T10:58:30.755Z,2024-02-21T12:05:49.175Z
20/02/2024,2024,2,Tuesday,45,Weightlifting,7.0516,101,172,81,253,2024-02-20T23:37:30.340Z,2024-02-21T00:58:29.000Z
16/02/2024,2024,2,Friday,63,Ice Skating,4.3218,102,127,10,34,2024-02-17T02:25:41.933Z,2024-02-17T02:35:51.473Z
16/02/2024,2024,2,Friday,45,Weightlifting,9.8681,109,155,110,512,2024-02-17T00:28:30.506Z,2024-02-17T02:19:00.000Z
16/02/2024,2024,2,Friday,63,Ice Skating,5.0719,99,122,34,87,2024-02-16T20:48:39.740Z,2024-02-16T21:22:15.162Z
16/02/2024,2024,2,Friday,34,Tennis,11.9018,123,153,87,635,2024-02-16T19:10:30.633Z,2024-02-16T20:37:13.228Z
15/02/2024,2024,2,Thursday,34,Tennis,14.115,130,165,100,835,2024-02-15T16:30:00.386Z,2024-02-15T18:10:29.676Z
15/02/2024,2024,2,Thursday,45,Weightlifting,5.3093,97,151,52,128,2024-02-15T15:32:56.666Z,2024-02-15T16:25:13.371Z